"1","2","SKU_ID","X1","X2","X3","X4","X5","X6","X7","X8","X9","X10","X11","X12","X13","X14","X15","X16","X17","X18","X19","X20","X21","X22","X23","X24","X25","X26","X27","X28","X29","X30","X31","X32","X33","X34","X35","X36","X37","X38","X39","X40","X41","X42","X43","X44","X45","X46","X47","X48","X49","X50","X51","X52","X53","X54","X55","X56","X57","X58","X59","X60","X61","X62","X63","X64","X65","X66","X67","X68","X69","X70","X71","X72","X73","X74","X75","X76","X77","X78","X79","X80","X81","X82","X83","X84","X85","X86","X87","X88","X89","X90","X91","X92","X93","X94","X95","X96","X97","X98","X99","X100","X101","X102","X103","X104","X105","X106","X107","X108","X109","X110","X111","X112","X113","X114","X115","X116","X117","X118"
"2013-06-08","2014-11-08","SKU_1",0.002,0.009,0.0045,0.0055,0.0055,0.0125,0.008,0.01,0.0155,0.0195,0.014,0.015,0.017,0.0245,0.017,0.014,0.015,0.0205,0.018,0.019,0.0105,0.0075,0.012,0.009,0.0055,0.012,0.0105,0.012,0.0095,0.003,0.0105,0.0145,0.01,0.0185,0.0115,0.013,0.006,0.011,0.01,0.0135,0.019,0.019,0.025,0.024,0.037,0.021,0.0275,0.029,0.016,0.017,0.0205,0.0215,0.018,0.017,0.028,0.0185,0.0165,0.017,0.016,0.0065,0.015,0.016,0.0095,0.009,0.0015,0.005,0.013,0.007,0.0065,0.004,0.0085,5e-04,0.0045,0.004,0.005,NA,NA,NA,NA,NA,NA,NA,NA,NA,NA,NA,NA,NA,NA,NA,NA,NA,NA,NA,NA,NA,NA,NA,NA,NA,NA,NA,NA,NA,NA,NA,NA,NA,NA,NA,NA,NA,NA,NA,NA,NA,NA,NA
"2013-09-07","2014-05-03","SKU_10",0.001,0.007,0.006,0.008,0.015,0.0125,0.006,0.007,0.0205,0.008,0.058,0.007,0.0185,0.015,0.014,0.015,0.008,0.0185,0.013,0.0245,0.0115,0.0195,0.024,0.028,0.103,0.029,0.0655,0.0705,0.058,0.059,0.044,0.0775,0.0785,0.0465,0.002,NA,NA,NA,NA,NA,NA,NA,NA,NA,NA,NA,NA,NA,NA,NA,NA,NA,NA,NA,NA,NA,NA,NA,NA,NA,NA,NA,NA,NA,NA,NA,NA,NA,NA,NA,NA,NA,NA,NA,NA,NA,NA,NA,NA,NA,NA,NA,NA,NA,NA,NA,NA,NA,NA,NA,NA,NA,NA,NA,NA,NA,NA,NA,NA,NA,NA,NA,NA,NA,NA,NA,NA,NA,NA,NA,NA,NA,NA,NA,NA,NA,NA,NA
"2013-11-02","2015-05-16","SKU_100",0.00465,0.0072,0.008,0.0066,0.01425,0.00625,0.0034,0.00715,0.01015,0.01625,0.01235,0.01235,0.0253,0.01995,0.0253,0.0148,0.0305,0.017,0.03285,0.02415,0.053,0.0313,0.05265,0.067,0.0335,0.0021,0.0041,0.01705,0.01145,0.0106,0.02395,0.01015,0.01045,0.01935,0.01905,0.04025,0.0194,0.0163,0.03475,0.0087,0.024,0.0095,0.0086,0.026,0.01565,0.011,0.01615,0.0101,0.0262,0.01585,0.02655,0.00695,0.00695,0,0,0,0,0,0,0,0,0,0,0,0,0,0,0,0,0,0,0,0,5e-05,0.00045,6e-04,0.00085,0.0046,0.00065,3e-04,0.0055,NA,NA,NA,NA,NA,NA,NA,NA,NA,NA,NA,NA,NA,NA,NA,NA,NA,NA,NA,NA,NA,NA,NA,NA,NA,NA,NA,NA,NA,NA,NA,NA,NA,NA,NA,NA,NA
"2013-06-08","2014-01-25","SKU_101",0.0013,0.0078,0.0161,0.0101,0.0181,0.0388,0.0092,0.0289,0.0149,0.0162,0.0191,0.0248,0.0265,0.0366,0.0514,0.03,0.0262,0.0184,0.0368,0.0342,0.0307,0.043,0.0306,0.0612,0.0229,0.051,0.0351,0.056,0.0139,0.0267,0.0436,0.048,0.037,0.0352,NA,NA,NA,NA,NA,NA,NA,NA,NA,NA,NA,NA,NA,NA,NA,NA,NA,NA,NA,NA,NA,NA,NA,NA,NA,NA,NA,NA,NA,NA,NA,NA,NA,NA,NA,NA,NA,NA,NA,NA,NA,NA,NA,NA,NA,NA,NA,NA,NA,NA,NA,NA,NA,NA,NA,NA,NA,NA,NA,NA,NA,NA,NA,NA,NA,NA,NA,NA,NA,NA,NA,NA,NA,NA,NA,NA,NA,NA,NA,NA,NA,NA,NA,NA
"2014-02-01","2014-11-15","SKU_102",6e-04,0.0074,0.004,0.0038,0.0078,0.0304,0.0228,0.039,0.0342,0.035,0.0624,0.0568,0.1126,0.0366,0.0416,0.0414,0.0376,0.1124,0.0118,0.0118,0.0488,0.0344,0.0266,0.0188,0.0324,0.0638,0.0094,0.0206,0.0338,0.0014,0,0,0,0,0,0,0,0,0,2e-04,0,0,NA,NA,NA,NA,NA,NA,NA,NA,NA,NA,NA,NA,NA,NA,NA,NA,NA,NA,NA,NA,NA,NA,NA,NA,NA,NA,NA,NA,NA,NA,NA,NA,NA,NA,NA,NA,NA,NA,NA,NA,NA,NA,NA,NA,NA,NA,NA,NA,NA,NA,NA,NA,NA,NA,NA,NA,NA,NA,NA,NA,NA,NA,NA,NA,NA,NA,NA,NA,NA,NA,NA,NA,NA,NA,NA,NA
"2015-02-21","2016-04-23","SKU_103",5e-04,0.0025,0.005,0.0125,0.027,0.0055,0.0205,0.0135,0.014,0.0155,0.017,0.0075,0.0125,0.0095,0.0315,0.042,0.023,0.035,0.0165,0.03,0.039,0.015,0.0155,0.015,0.0335,0.0265,0.009,0.0285,0.021,0.016,0.0155,0.025,0.01,0.029,0.009,0.023,0.015,0.031,0.0215,0.007,0.011,0.014,0.0205,0.006,0.0095,0.0175,0.008,0.051,0.014,0.016,0.0115,0.009,0.021,0.008,0.007,0.006,0.0135,0.0095,0,0,0,0,NA,NA,NA,NA,NA,NA,NA,NA,NA,NA,NA,NA,NA,NA,NA,NA,NA,NA,NA,NA,NA,NA,NA,NA,NA,NA,NA,NA,NA,NA,NA,NA,NA,NA,NA,NA,NA,NA,NA,NA,NA,NA,NA,NA,NA,NA,NA,NA,NA,NA,NA,NA,NA,NA,NA,NA
"2014-06-07","2015-05-16","SKU_104",8e-04,0.0053,0.0055,0.0051,0.0156,0.0093,0.0293,0.0257,0.0293,0.0194,0.0205,0.0104,0.0229,0.0239,0.0173,0.0264,0.0211,0.0195,0.0166,0.0177,0.0371,0.0169,0.0224,0.0372,0.0144,0.0224,0.0298,0.0209,0.0115,0.0197,0.0148,0.0245,0.029,0.0317,0.022,0.0215,0.0277,0.0319,0.0169,0.0312,0.0124,0.0222,0.0158,0.0164,0.0086,0.0178,0.0216,0.0273,0.0172,0.0158,NA,NA,NA,NA,NA,NA,NA,NA,NA,NA,NA,NA,NA,NA,NA,NA,NA,NA,NA,NA,NA,NA,NA,NA,NA,NA,NA,NA,NA,NA,NA,NA,NA,NA,NA,NA,NA,NA,NA,NA,NA,NA,NA,NA,NA,NA,NA,NA,NA,NA,NA,NA,NA,NA,NA,NA,NA,NA,NA,NA,NA,NA,NA,NA,NA,NA,NA,NA
"2014-07-12","2016-04-23","SKU_105",1e-04,0.00064,0.00052,0.00128,0.00102,0.001,0.00154,0.00082,0.0023,0.00168,0.00242,0.0063,0.00602,0.0099,0.00668,0.01186,0.00598,0.0079,0.00962,0.00764,0.00848,0.01306,0.01282,0.00346,0.00418,0.0082,0.0107,0.00832,0.01064,0.01056,0.01014,0.0084,0.00852,0.01178,0.0074,0.01432,0.01762,0.01028,0.01114,0.0134,0.0144,0.0121,0.01044,0.02276,0.01362,0.01238,0.01542,0.02118,0.01778,0.016,0.02916,0.01102,0.0109,0.0173,0.01918,0.01928,0.0151,0.01128,0.0144,0.01896,0.0124,0.01378,0.01688,0.01616,0.0185,0.0172,0.0118,0.01408,0.0136,0.01112,0.00954,0.00676,0.0123,0.01002,0.01458,0.00616,0.00674,0.01092,0.0168,0.01038,0.03468,0.00136,0.01404,0.0086,0.01262,0.00726,0.00846,0.00986,0.0177,0.01494,0.00858,0.00092,0,0,NA,NA,NA,NA,NA,NA,NA,NA,NA,NA,NA,NA,NA,NA,NA,NA,NA,NA,NA,NA,NA,NA,NA,NA
"2015-02-28","2015-09-19","SKU_106",0.0134,0.0012,0.0012,0.0318,0.0804,0.0152,0.0312,0.002,0.0052,0.0058,0.2836,0.007,0.0094,0.0174,0.0402,0.0482,0.0202,0.0382,0.1148,0.0214,0.0238,0.0838,0.0334,0.0094,0.0088,0.0016,0.0092,0.0224,0.0202,2e-04,NA,NA,NA,NA,NA,NA,NA,NA,NA,NA,NA,NA,NA,NA,NA,NA,NA,NA,NA,NA,NA,NA,NA,NA,NA,NA,NA,NA,NA,NA,NA,NA,NA,NA,NA,NA,NA,NA,NA,NA,NA,NA,NA,NA,NA,NA,NA,NA,NA,NA,NA,NA,NA,NA,NA,NA,NA,NA,NA,NA,NA,NA,NA,NA,NA,NA,NA,NA,NA,NA,NA,NA,NA,NA,NA,NA,NA,NA,NA,NA,NA,NA,NA,NA,NA,NA,NA,NA
"2013-09-21","2014-11-01","SKU_107",0,0,0,0,0,0,8e-04,0.0038,0.0118,0.006,0.0086,0.0116,0.0042,0.0018,0.0028,0.01,0.0104,0.0098,0.0114,0.0214,0.0132,0.022,0.0142,0.0178,0.0168,0.0308,0.026,0.0242,0.0326,0.0362,0.0396,0.0288,0.0124,0.0214,0.018,0.0212,0.034,0.0174,0.0224,0.0158,0.0102,0.0182,0.0158,0.143,0.0262,0.0156,0.0158,0.01,0.0116,0.016,0.0446,0.0122,0.0156,0.013,0.0118,0.0122,0.018,0.0108,0,NA,NA,NA,NA,NA,NA,NA,NA,NA,NA,NA,NA,NA,NA,NA,NA,NA,NA,NA,NA,NA,NA,NA,NA,NA,NA,NA,NA,NA,NA,NA,NA,NA,NA,NA,NA,NA,NA,NA,NA,NA,NA,NA,NA,NA,NA,NA,NA,NA,NA,NA,NA,NA,NA,NA,NA,NA,NA,NA
"2016-06-11","2016-10-08","SKU_108",0.0225,0.174,0.097,0,0,0.0175,0.1495,0.03,0.0325,0.0695,0.1295,0.035,0.0545,0.045,0.142,0.0025,0,0,NA,NA,NA,NA,NA,NA,NA,NA,NA,NA,NA,NA,NA,NA,NA,NA,NA,NA,NA,NA,NA,NA,NA,NA,NA,NA,NA,NA,NA,NA,NA,NA,NA,NA,NA,NA,NA,NA,NA,NA,NA,NA,NA,NA,NA,NA,NA,NA,NA,NA,NA,NA,NA,NA,NA,NA,NA,NA,NA,NA,NA,NA,NA,NA,NA,NA,NA,NA,NA,NA,NA,NA,NA,NA,NA,NA,NA,NA,NA,NA,NA,NA,NA,NA,NA,NA,NA,NA,NA,NA,NA,NA,NA,NA,NA,NA,NA,NA,NA,NA
"2013-11-02","2015-04-11","SKU_109",9e-04,0.0024,0.008,0.0063,0.0059,0.0097,0.0059,0.0109,0.002,0.0085,0.0429,0.012,0.0134,0.0078,0.0168,0.0079,0.0181,0.0196,0.0539,0.0539,0.0718,0.0269,0.0201,0.0162,0.0182,0.0381,0.0221,0.0398,0.0786,0.0106,0.0227,0.0434,0.0163,0.0206,0.0128,0.0172,0.0098,0.0081,0.0092,0.0082,0.0068,0.0208,0.0158,0.0167,0.0336,0.0122,0.0136,0.0133,0.0164,0.0147,0.0158,0.0014,0.0014,0,0,0,0,0,0,0,0,0,0,0,0,0,0,0,0,0,0,0,0,0,0,0,NA,NA,NA,NA,NA,NA,NA,NA,NA,NA,NA,NA,NA,NA,NA,NA,NA,NA,NA,NA,NA,NA,NA,NA,NA,NA,NA,NA,NA,NA,NA,NA,NA,NA,NA,NA,NA,NA,NA,NA,NA,NA
"2013-06-15","2014-01-25","SKU_11",0.003,0.0235,0.0275,0.066,0.0115,0.0355,0.054,0.029,0.0305,0.0295,0.04,0.032,0.037,0.0355,0.037,0.038,0.063,0.037,0.041,0.05,0.0425,0.0135,0.0205,0.01,0.026,0.018,0.026,0.01,0.0055,0.044,0.0115,0.0335,0.019,NA,NA,NA,NA,NA,NA,NA,NA,NA,NA,NA,NA,NA,NA,NA,NA,NA,NA,NA,NA,NA,NA,NA,NA,NA,NA,NA,NA,NA,NA,NA,NA,NA,NA,NA,NA,NA,NA,NA,NA,NA,NA,NA,NA,NA,NA,NA,NA,NA,NA,NA,NA,NA,NA,NA,NA,NA,NA,NA,NA,NA,NA,NA,NA,NA,NA,NA,NA,NA,NA,NA,NA,NA,NA,NA,NA,NA,NA,NA,NA,NA,NA,NA,NA,NA
"2013-11-02","2014-01-25","SKU_110",0.0099,0.0289,0.03,0.0915,0.0275,0.3704,0.0513,0.0218,0.0809,0.0351,0.0501,0.0822,0.1204,NA,NA,NA,NA,NA,NA,NA,NA,NA,NA,NA,NA,NA,NA,NA,NA,NA,NA,NA,NA,NA,NA,NA,NA,NA,NA,NA,NA,NA,NA,NA,NA,NA,NA,NA,NA,NA,NA,NA,NA,NA,NA,NA,NA,NA,NA,NA,NA,NA,NA,NA,NA,NA,NA,NA,NA,NA,NA,NA,NA,NA,NA,NA,NA,NA,NA,NA,NA,NA,NA,NA,NA,NA,NA,NA,NA,NA,NA,NA,NA,NA,NA,NA,NA,NA,NA,NA,NA,NA,NA,NA,NA,NA,NA,NA,NA,NA,NA,NA,NA,NA,NA,NA,NA,NA
"2013-06-08","2014-12-06","SKU_111",0.0232,0.015,0.028,0.011,0.043,0.0406,0.0236,0.0284,0.011,0.0504,0.0344,0.023,0.0154,0.023,0.0262,0.039,0.031,0.0174,0.0246,0.0426,0.0248,0.0454,0.03,0.029,0.0104,0.0174,0.0348,0.0128,0.0088,0.0258,0.0284,0.0244,0.0194,0.0402,0.0396,0.0208,0.0288,0.0024,0.001,4e-04,4e-04,4e-04,4e-04,0,2e-04,0,0,0,0,0,2e-04,0,0,0,0,0,0,2e-04,0,0,0,0,0,0,0,0,0,0,2e-04,0.0014,0,2e-04,2e-04,0,0,0,0,2e-04,0.001,NA,NA,NA,NA,NA,NA,NA,NA,NA,NA,NA,NA,NA,NA,NA,NA,NA,NA,NA,NA,NA,NA,NA,NA,NA,NA,NA,NA,NA,NA,NA,NA,NA,NA,NA,NA,NA,NA,NA
"2014-06-07","2015-06-13","SKU_112",6e-04,0.0048,0.0364,0.004,0.007,0.0084,0.0088,0.0174,0.0066,0.0328,0.0144,0.0216,0.0156,0.016,0.0182,0.0276,0.0138,0.0196,0.0228,0.0506,0.0182,0.0232,0.0182,0.012,0.0466,0.016,0.0218,0.0242,0.0264,0.009,0.0156,0.028,0.0782,0.015,0.0198,0.037,0.0146,0.0146,0.0126,0.0262,0.0242,0.0322,0.015,0.0036,0.0058,0.0098,0.0056,0.0176,0.007,0.0066,0.0144,0.015,0.0124,0.0066,NA,NA,NA,NA,NA,NA,NA,NA,NA,NA,NA,NA,NA,NA,NA,NA,NA,NA,NA,NA,NA,NA,NA,NA,NA,NA,NA,NA,NA,NA,NA,NA,NA,NA,NA,NA,NA,NA,NA,NA,NA,NA,NA,NA,NA,NA,NA,NA,NA,NA,NA,NA,NA,NA,NA,NA,NA,NA,NA,NA,NA,NA,NA,NA
"2014-01-11","2015-01-31","SKU_113",0.0024,0.00545,0.0088,0.00835,0.01185,0.01655,0.0245,0.01525,0.02795,0.0226,0.02925,0.0307,0.03125,0.03615,0.02725,0.0492,0.03005,0.03105,0.0338,0.02685,0.03465,0.03005,0.0297,0.0262,0.03955,0.0215,0.0336,0.0332,0.02635,0.0237,0.0288,0.04275,0.01835,0.02245,0.01395,0.01475,0.01825,0.01815,0.0214,0.01485,0.00755,0.00805,0.0013,0.0013,0,0,0,0,0,0,0,0,0,0,3e-04,0,NA,NA,NA,NA,NA,NA,NA,NA,NA,NA,NA,NA,NA,NA,NA,NA,NA,NA,NA,NA,NA,NA,NA,NA,NA,NA,NA,NA,NA,NA,NA,NA,NA,NA,NA,NA,NA,NA,NA,NA,NA,NA,NA,NA,NA,NA,NA,NA,NA,NA,NA,NA,NA,NA,NA,NA,NA,NA,NA,NA,NA,NA
"2015-02-21","2016-03-12","SKU_114",0.0026,0.01,0.0074,0.0076,0.029,0.0148,0.0162,0.014,0.0124,0.0192,0.0272,0.0162,0.0408,0.0356,0.0696,0.0282,0.0298,0.0184,0.0188,0.0176,0.0282,0.0262,0.019,0.0174,0.0192,0.0158,0.0134,0.0156,0.008,0.008,0.0116,0.045,0.0318,0.014,0.0132,0.0198,0.012,0.0372,0.0112,0.0038,0.015,0.0136,0.021,0.0054,0.0056,0.0192,0.007,0.009,0.0156,0.0054,0.015,0.0368,0.0162,0.0064,0.0028,2e-04,NA,NA,NA,NA,NA,NA,NA,NA,NA,NA,NA,NA,NA,NA,NA,NA,NA,NA,NA,NA,NA,NA,NA,NA,NA,NA,NA,NA,NA,NA,NA,NA,NA,NA,NA,NA,NA,NA,NA,NA,NA,NA,NA,NA,NA,NA,NA,NA,NA,NA,NA,NA,NA,NA,NA,NA,NA,NA,NA,NA,NA,NA
"2014-07-19","2016-05-07","SKU_115",5e-04,0.00075,6e-04,0.0013,0.00135,0.0016,0.0025,0.00595,0.0019,0.003,0.00845,0.0118,0.01635,0.01365,0.01325,0.01285,0.0132,0.0136,0.0108,0.02535,0.01795,0.02195,0.01055,0.01315,0.02085,0.0184,0.0209,0.01655,0.0158,0.0165,0.01395,0.0169,0.0181,0.0125,0.01805,0.01665,0.01095,0.0106,0.01455,0.01795,0.02005,0.01645,0.01315,0.02315,0.01435,0.01565,0.01905,0.01985,0.0177,0.02075,0.01265,0.00985,0.0137,0.01035,0.00875,0.0133,0.0099,0.0139,0.0174,0.00905,0.01025,0.0222,0.0073,0.0101,0.0081,0.0071,0.00845,0.00545,0.00575,0.0144,0.0047,0.00765,0.00625,0.00885,0.00465,0.0077,0.01125,0.0063,0.0066,0.006,0.0041,0.01025,0.00545,0.01365,0.00625,0.0067,0.00405,0,0,0,0,0,0,0,0,NA,NA,NA,NA,NA,NA,NA,NA,NA,NA,NA,NA,NA,NA,NA,NA,NA,NA,NA,NA,NA,NA,NA
"2014-01-11","2014-10-18","SKU_116",7e-04,0.00295,0.00295,0.00935,0.01715,0.0326,0.0291,0.02085,0.0198,0.04445,0.0344,0.0392,0.04005,0.0377,0.04315,0.05925,0.02865,0.0318,0.03565,0.0345,0.0439,0.02375,0.0255,0.0326,0.01935,0.034,0.02425,0.0232,0.01375,0.01235,0.0213,0.0201,0.02215,0.0169,0.0137,0.01545,0.0208,0.03525,0.01325,0.00425,0,NA,NA,NA,NA,NA,NA,NA,NA,NA,NA,NA,NA,NA,NA,NA,NA,NA,NA,NA,NA,NA,NA,NA,NA,NA,NA,NA,NA,NA,NA,NA,NA,NA,NA,NA,NA,NA,NA,NA,NA,NA,NA,NA,NA,NA,NA,NA,NA,NA,NA,NA,NA,NA,NA,NA,NA,NA,NA,NA,NA,NA,NA,NA,NA,NA,NA,NA,NA,NA,NA,NA,NA,NA,NA,NA,NA,NA
"2013-11-09","2014-10-04","SKU_117",0.00048,0.00286,0.00452,0.0074,0.00678,0.00712,0.0056,0.00374,0.0066,0.01444,0.01272,0.01786,0.02142,0.0142,0.0164,0.01504,0.0244,0.03376,0.03244,0.03238,0.03892,0.04008,0.03728,0.03492,0.03202,0.02954,0.03436,0.03142,0.0261,0.0343,0.03134,0.03224,0.03394,0.03544,0.0353,0.0236,0.02358,0.02986,0.01338,0.02924,0.01448,0.01912,0.01206,0.0202,0.0157,0.01148,0,0,NA,NA,NA,NA,NA,NA,NA,NA,NA,NA,NA,NA,NA,NA,NA,NA,NA,NA,NA,NA,NA,NA,NA,NA,NA,NA,NA,NA,NA,NA,NA,NA,NA,NA,NA,NA,NA,NA,NA,NA,NA,NA,NA,NA,NA,NA,NA,NA,NA,NA,NA,NA,NA,NA,NA,NA,NA,NA,NA,NA,NA,NA,NA,NA,NA,NA,NA,NA,NA,NA
"2014-08-16","2015-08-15","SKU_118",0.0058,0.0072,0.0093,0.0194,0.0369,0.0151,0.0101,0.0209,0.0281,0.0181,0.0159,0.0212,0.0363,0.0509,0.0309,0.0316,0.0324,0.0241,0.0124,0.0374,0.0246,0.0427,0.0427,0.0238,0.03,0.0301,0.0379,0.0325,0.0249,0.0259,0.025,0.0379,0.0087,0.0162,0.0201,0.0433,0.0636,0.0052,9e-04,1e-04,0,0,0,0,0,0,0,0,0,0,0,0,0,NA,NA,NA,NA,NA,NA,NA,NA,NA,NA,NA,NA,NA,NA,NA,NA,NA,NA,NA,NA,NA,NA,NA,NA,NA,NA,NA,NA,NA,NA,NA,NA,NA,NA,NA,NA,NA,NA,NA,NA,NA,NA,NA,NA,NA,NA,NA,NA,NA,NA,NA,NA,NA,NA,NA,NA,NA,NA,NA,NA,NA,NA,NA,NA,NA
"2013-10-26","2014-11-08","SKU_119",5e-05,0.0055,0.008,0.009,0.0065,0.01205,0.01065,0.02275,0.01275,0.01305,0.01245,0.01065,0.0209,0.0193,0.02545,0.01475,0.01465,0.0302,0.01745,0.0214,0.02745,0.0297,0.0248,0.0363,0.03745,0.028,0.04475,0.0366,0.0243,0.02205,0.01855,0.03455,0.0214,0.0255,0.02275,0.01515,0.01705,0.0155,0.02055,0.0159,0.012,0.02715,0.0121,0.01795,0.00705,0.01225,0.01005,0.02955,0.01565,0.0153,0.0237,0.0114,-5e-05,0,5e-05,NA,NA,NA,NA,NA,NA,NA,NA,NA,NA,NA,NA,NA,NA,NA,NA,NA,NA,NA,NA,NA,NA,NA,NA,NA,NA,NA,NA,NA,NA,NA,NA,NA,NA,NA,NA,NA,NA,NA,NA,NA,NA,NA,NA,NA,NA,NA,NA,NA,NA,NA,NA,NA,NA,NA,NA,NA,NA,NA,NA,NA,NA,NA
"2013-09-14","2014-07-19","SKU_12",0.00035,5e-04,0.00075,0.00055,0.0018,0.00435,0.0032,0.0122,0.0132,0.0195,0.0058,0.01325,0.011,0.01425,0.0054,0.00735,0.0157,0.0176,0.0188,0.0244,0.02845,0.03875,0.0276,0.03535,0.02945,0.0468,0.037,0.04575,0.0319,0.0331,0.0414,0.04545,0.05055,0.0385,0.04825,0.03855,0.0422,0.03955,0.03355,0.0213,0.02005,0.03045,0.0061,0,0,NA,NA,NA,NA,NA,NA,NA,NA,NA,NA,NA,NA,NA,NA,NA,NA,NA,NA,NA,NA,NA,NA,NA,NA,NA,NA,NA,NA,NA,NA,NA,NA,NA,NA,NA,NA,NA,NA,NA,NA,NA,NA,NA,NA,NA,NA,NA,NA,NA,NA,NA,NA,NA,NA,NA,NA,NA,NA,NA,NA,NA,NA,NA,NA,NA,NA,NA,NA,NA,NA,NA,NA,NA
"2015-02-21","2015-08-08","SKU_120",3e-04,5e-04,0.0159,0.0052,0.0141,0.0159,0.0061,0.029,0.0689,0.0032,0.0212,0.0142,0.0689,0.0696,0.1142,0.1229,0.0333,0.066,0.2033,0.0584,0.0249,0.044,0,0,0,NA,NA,NA,NA,NA,NA,NA,NA,NA,NA,NA,NA,NA,NA,NA,NA,NA,NA,NA,NA,NA,NA,NA,NA,NA,NA,NA,NA,NA,NA,NA,NA,NA,NA,NA,NA,NA,NA,NA,NA,NA,NA,NA,NA,NA,NA,NA,NA,NA,NA,NA,NA,NA,NA,NA,NA,NA,NA,NA,NA,NA,NA,NA,NA,NA,NA,NA,NA,NA,NA,NA,NA,NA,NA,NA,NA,NA,NA,NA,NA,NA,NA,NA,NA,NA,NA,NA,NA,NA,NA,NA,NA,NA
"2014-06-07","2014-10-18","SKU_121",0.002,0.016,0.0484,0.0272,0.2052,0.1674,0.103,0.0938,0.0368,0.0342,0.048,0.0408,0.0334,0.048,0.0556,0.0204,0.01,0.01,0,0,NA,NA,NA,NA,NA,NA,NA,NA,NA,NA,NA,NA,NA,NA,NA,NA,NA,NA,NA,NA,NA,NA,NA,NA,NA,NA,NA,NA,NA,NA,NA,NA,NA,NA,NA,NA,NA,NA,NA,NA,NA,NA,NA,NA,NA,NA,NA,NA,NA,NA,NA,NA,NA,NA,NA,NA,NA,NA,NA,NA,NA,NA,NA,NA,NA,NA,NA,NA,NA,NA,NA,NA,NA,NA,NA,NA,NA,NA,NA,NA,NA,NA,NA,NA,NA,NA,NA,NA,NA,NA,NA,NA,NA,NA,NA,NA,NA,NA
"2014-07-19","2015-07-04","SKU_122",0.00132,0.00094,0.00224,0.00204,0.00344,0.00174,0.0014,0.00702,0.00336,0.00886,0.0312,0.02296,0.03534,0.038,0.04558,0.02566,0.02692,0.04988,0.02984,0.03846,0.0284,0.0298,0.0187,0.02272,0.06912,0.03468,0.0282,0.0256,0.02252,0.03302,0.0225,0.02356,0.0157,0.01448,0.0441,0.0426,0.01064,0.01638,0.01522,0.01164,0.0144,0.01188,0.02632,0.03314,0.0088,-0.00032,-6e-05,0,0,0,8e-05,NA,NA,NA,NA,NA,NA,NA,NA,NA,NA,NA,NA,NA,NA,NA,NA,NA,NA,NA,NA,NA,NA,NA,NA,NA,NA,NA,NA,NA,NA,NA,NA,NA,NA,NA,NA,NA,NA,NA,NA,NA,NA,NA,NA,NA,NA,NA,NA,NA,NA,NA,NA,NA,NA,NA,NA,NA,NA,NA,NA,NA,NA,NA,NA,NA,NA,NA
"2016-06-25","2016-10-01","SKU_123",0.0345,0.006,0.004,0.027,0.0195,0.0095,0.0715,0.048,0.077,0.0885,0.1655,0.1195,0.1175,0.1465,0.0655,NA,NA,NA,NA,NA,NA,NA,NA,NA,NA,NA,NA,NA,NA,NA,NA,NA,NA,NA,NA,NA,NA,NA,NA,NA,NA,NA,NA,NA,NA,NA,NA,NA,NA,NA,NA,NA,NA,NA,NA,NA,NA,NA,NA,NA,NA,NA,NA,NA,NA,NA,NA,NA,NA,NA,NA,NA,NA,NA,NA,NA,NA,NA,NA,NA,NA,NA,NA,NA,NA,NA,NA,NA,NA,NA,NA,NA,NA,NA,NA,NA,NA,NA,NA,NA,NA,NA,NA,NA,NA,NA,NA,NA,NA,NA,NA,NA,NA,NA,NA,NA,NA,NA
"2013-06-08","2014-01-25","SKU_124",0.0015,0.01,0.017,0.025,0.025,0.052,0.023,0.023,0.023,0.008,0.079,0.0095,0.019,0.016,0.027,0.0305,0.0155,0.046,0.027,0.0395,0.097,0.0725,0.027,0.024,0.019,0.0685,0.02,0.025,0.017,0.017,0.033,0.03,0.0215,0.012,NA,NA,NA,NA,NA,NA,NA,NA,NA,NA,NA,NA,NA,NA,NA,NA,NA,NA,NA,NA,NA,NA,NA,NA,NA,NA,NA,NA,NA,NA,NA,NA,NA,NA,NA,NA,NA,NA,NA,NA,NA,NA,NA,NA,NA,NA,NA,NA,NA,NA,NA,NA,NA,NA,NA,NA,NA,NA,NA,NA,NA,NA,NA,NA,NA,NA,NA,NA,NA,NA,NA,NA,NA,NA,NA,NA,NA,NA,NA,NA,NA,NA,NA,NA
"2014-07-12","2016-04-09","SKU_125",4e-05,0.00082,0.00086,0.00078,0.00166,0.0011,0.00166,0.00088,0.00464,0.00162,0.00112,0.00316,0.03234,0.02422,0.01398,0.01902,0.01832,0.01718,0.04112,0.01458,0.02204,0.02102,0.019,0.00854,0.01244,0.01242,0.0232,0.02306,0.01826,0.01532,0.01108,0.01134,0.01062,0.01142,0.00992,0.02114,0.01872,0.02144,0.01048,0.01432,0.0171,0.01072,0.01552,0.01046,0.01128,0.00752,0.01404,0.01044,0.01772,0.01424,0.01854,0.01672,0.00776,0.01374,0.01132,0.01036,0.00564,0.01008,0.0112,0.0061,0.00472,0.00952,0.01486,0.01132,0.01186,0.01346,0.01148,0.00816,0.01232,0.00792,0.00758,0.003,0.00656,0.00494,0.00526,0.00452,0.00532,0.00456,0.00618,0.0076,0.0087,0.01388,0.00734,0.00678,0.00722,0.0138,0.00528,0.00704,0.00362,0.0099,-0.00086,0.00078,NA,NA,NA,NA,NA,NA,NA,NA,NA,NA,NA,NA,NA,NA,NA,NA,NA,NA,NA,NA,NA,NA,NA,NA,NA,NA
"2015-02-21","2016-04-09","SKU_126",5e-04,0.0065,0.04,0.002,0.037,0.003,0.0065,0.0075,0.0095,0.0075,0.009,0.0075,0.021,0.0085,0.014,0.0415,0.024,0.0215,0.006,0.0065,0.0115,0.0985,0.0415,0.013,0.011,0.008,0.011,0.013,0.0045,0.0065,0.0385,0.0365,0.0115,0.0455,0.023,0.0025,0.0365,0.025,0.014,0.0335,0.0335,0.035,0.0025,0.006,0.004,0.0155,0.0155,0.0105,0.0085,0.0105,0.003,0.0035,0.001,0.0115,0.014,0.0065,0.0165,0.0155,0.011,0.0095,NA,NA,NA,NA,NA,NA,NA,NA,NA,NA,NA,NA,NA,NA,NA,NA,NA,NA,NA,NA,NA,NA,NA,NA,NA,NA,NA,NA,NA,NA,NA,NA,NA,NA,NA,NA,NA,NA,NA,NA,NA,NA,NA,NA,NA,NA,NA,NA,NA,NA,NA,NA,NA,NA,NA,NA,NA,NA
"2014-07-05","2016-04-02","SKU_127",0.002,0.0062,0.0064,0.0181,0.0047,0.0127,0.0066,0.0054,0.0027,0.0044,0.0143,0.0032,0.0097,0.0081,0.0062,0.0093,0.013,0.0135,0.0145,0.0212,0.0049,0.0145,0.0134,0.0137,0.0094,0.0049,0.0135,0.023,0.0238,0.0144,0.0146,0.0155,0.0131,0.0194,0.0276,0.0247,0.011,0.0099,0.0121,0.0146,0.0185,0.0127,0.0172,0.0051,0.0142,0.0169,0.0093,0.0186,0.024,0.0156,0.0231,0.0157,0.0149,0.0107,0.0213,0.0089,0.0116,0.0071,0.009,0.0099,0.0092,0.0089,0.013,0.0091,0.008,0.0114,0.0114,0.0242,0.0118,0.0062,0.0074,0.0104,0.002,0.0046,0.0072,0.0057,0.0038,0.0041,0.0083,0.0043,0.0062,0.0122,0.0026,0.0092,0.0081,0.0083,0.0021,0.0033,0.0051,0.0069,3e-04,0,NA,NA,NA,NA,NA,NA,NA,NA,NA,NA,NA,NA,NA,NA,NA,NA,NA,NA,NA,NA,NA,NA,NA,NA,NA,NA
"2015-03-07","2016-07-16","SKU_128",0.001,0.002,0.0025,0.0015,0.0015,0.0085,0.024,0.0015,0.001,0.0065,0.0135,0.0145,0.0065,0.015,0.01,0.0075,0.0055,0.0205,0.0165,0.014,0.022,0.024,0.0115,0.0065,0.0095,0.0135,0.0135,0.0225,0.024,0.016,0.04,0.015,0.034,0.0095,0.0505,0.012,0.0135,0.0055,0.006,0.016,0.02,0.0115,0.007,0.0125,0.0205,0.0115,0.008,0.016,0.0155,0.0225,0.021,0.0505,0.0095,0.0185,0.0195,0.01,0.0435,0.0105,0.007,0.0055,0.008,0.021,0.02,0.0395,0.006,0.0155,0.007,0.0035,0,5e-04,0,0,NA,NA,NA,NA,NA,NA,NA,NA,NA,NA,NA,NA,NA,NA,NA,NA,NA,NA,NA,NA,NA,NA,NA,NA,NA,NA,NA,NA,NA,NA,NA,NA,NA,NA,NA,NA,NA,NA,NA,NA,NA,NA,NA,NA,NA,NA
"2013-11-09","2014-10-11","SKU_129",0.00136,0.00668,0.00494,0.00984,0.01084,0.02126,0.00394,0.00842,0.01384,0.01746,0.01728,0.01948,0.02218,0.02052,0.0184,0.03414,0.02222,0.03136,0.0262,0.038,0.0363,0.04416,0.03844,0.04032,0.03162,0.02832,0.02326,0.02118,0.02614,0.02092,0.01928,0.02958,0.02888,0.01362,0.0154,0.03732,0.03086,0.03498,0.02684,0.02292,0.02046,0.01816,0.01412,0.01774,0.01818,-0.006,-0.00132,-4e-05,2e-05,NA,NA,NA,NA,NA,NA,NA,NA,NA,NA,NA,NA,NA,NA,NA,NA,NA,NA,NA,NA,NA,NA,NA,NA,NA,NA,NA,NA,NA,NA,NA,NA,NA,NA,NA,NA,NA,NA,NA,NA,NA,NA,NA,NA,NA,NA,NA,NA,NA,NA,NA,NA,NA,NA,NA,NA,NA,NA,NA,NA,NA,NA,NA,NA,NA,NA,NA,NA,NA
"2013-09-21","2014-01-25","SKU_13",0.0012,0.0069,0.01095,0.01225,0.1075,0.0656,0.0645,0.04615,0.05965,0.03335,0.0872,0.0501,0.19895,0.02655,0.0213,0.0503,0.05395,0.04835,0.05515,NA,NA,NA,NA,NA,NA,NA,NA,NA,NA,NA,NA,NA,NA,NA,NA,NA,NA,NA,NA,NA,NA,NA,NA,NA,NA,NA,NA,NA,NA,NA,NA,NA,NA,NA,NA,NA,NA,NA,NA,NA,NA,NA,NA,NA,NA,NA,NA,NA,NA,NA,NA,NA,NA,NA,NA,NA,NA,NA,NA,NA,NA,NA,NA,NA,NA,NA,NA,NA,NA,NA,NA,NA,NA,NA,NA,NA,NA,NA,NA,NA,NA,NA,NA,NA,NA,NA,NA,NA,NA,NA,NA,NA,NA,NA,NA,NA,NA,NA
"2013-11-02","2014-01-25","SKU_130",0.0215,0.0945,0.077,0.1495,0.106,0.0635,0.0535,0.032,0.0375,0.101,0.0525,0.097,0.1145,NA,NA,NA,NA,NA,NA,NA,NA,NA,NA,NA,NA,NA,NA,NA,NA,NA,NA,NA,NA,NA,NA,NA,NA,NA,NA,NA,NA,NA,NA,NA,NA,NA,NA,NA,NA,NA,NA,NA,NA,NA,NA,NA,NA,NA,NA,NA,NA,NA,NA,NA,NA,NA,NA,NA,NA,NA,NA,NA,NA,NA,NA,NA,NA,NA,NA,NA,NA,NA,NA,NA,NA,NA,NA,NA,NA,NA,NA,NA,NA,NA,NA,NA,NA,NA,NA,NA,NA,NA,NA,NA,NA,NA,NA,NA,NA,NA,NA,NA,NA,NA,NA,NA,NA,NA
"2014-01-11","2014-10-11","SKU_131",6e-05,0.00202,0.00432,0.01308,0.02498,0.02554,0.0299,0.0225,0.02368,0.02494,0.03088,0.0323,0.0409,0.04532,0.03608,0.0546,0.03726,0.03158,0.02938,0.03134,0.04092,0.02686,0.03646,0.04158,0.0247,0.02586,0.02306,0.03272,0.0359,0.0202,0.0321,0.01644,0.02436,0.01706,0.01972,0.0217,0.01646,0.0032,0,0,NA,NA,NA,NA,NA,NA,NA,NA,NA,NA,NA,NA,NA,NA,NA,NA,NA,NA,NA,NA,NA,NA,NA,NA,NA,NA,NA,NA,NA,NA,NA,NA,NA,NA,NA,NA,NA,NA,NA,NA,NA,NA,NA,NA,NA,NA,NA,NA,NA,NA,NA,NA,NA,NA,NA,NA,NA,NA,NA,NA,NA,NA,NA,NA,NA,NA,NA,NA,NA,NA,NA,NA,NA,NA,NA,NA,NA,NA
"2014-02-01","2014-09-06","SKU_132",0.0022,0.0183,0.0311,0.0325,0.031,0.0299,0.0162,0.0418,0.0425,0.0395,0.034,0.0444,0.0366,0.1229,0.0193,0.0555,0.0516,0.0517,0.0294,0.043,0.0249,0.0127,0.0334,0.0185,0.0179,0.0114,0.0191,0.0139,0.0205,0.0253,0.0178,0.0111,NA,NA,NA,NA,NA,NA,NA,NA,NA,NA,NA,NA,NA,NA,NA,NA,NA,NA,NA,NA,NA,NA,NA,NA,NA,NA,NA,NA,NA,NA,NA,NA,NA,NA,NA,NA,NA,NA,NA,NA,NA,NA,NA,NA,NA,NA,NA,NA,NA,NA,NA,NA,NA,NA,NA,NA,NA,NA,NA,NA,NA,NA,NA,NA,NA,NA,NA,NA,NA,NA,NA,NA,NA,NA,NA,NA,NA,NA,NA,NA,NA,NA,NA,NA,NA,NA
"2014-07-05","2016-04-30","SKU_133",0.0011,0.00175,0.00275,0.00475,0.0068,0.00285,0.0042,0.0054,0.00665,0.0065,0.00645,0.00425,0.00585,0.00895,0.00735,0.0061,0.01965,0.0085,0.0093,0.00855,0.00535,0.01935,0.0195,0.01535,0.0064,0.0096,0.01355,0.01735,0.01805,0.0139,0.013,0.0128,0.0112,0.0121,0.0122,0.01515,0.0115,0.02025,0.0117,0.00995,0.01235,0.0199,0.0152,0.014,0.024,0.01475,0.01135,0.01555,0.01365,0.01735,0.01435,0.01095,0.0127,0.01125,0.01355,0.01405,0.01455,0.01175,0.01855,0.013,0.01695,0.00995,0.0119,0.01145,0.01255,0.0129,0.0098,0.01,0.01165,0.00625,0.00795,0.00975,0.00535,0.01045,0.01225,0.0106,0.00555,0.00675,0.0105,0.0063,0.00845,0.04095,0.0068,0.0064,0.0066,0.013,0.00755,0.0052,0.006,0.00355,0.0052,0.0028,0,0,0,0,NA,NA,NA,NA,NA,NA,NA,NA,NA,NA,NA,NA,NA,NA,NA,NA,NA,NA,NA,NA,NA,NA
"2015-10-17","2016-10-01","SKU_134",0.001,0.0025,0.006,0.0095,0.0105,0.005,0.0105,0.008,0.021,0.0035,0.012,0.0055,0.0135,0.006,0.018,0.0115,0.0145,0.0065,0.0185,0.0205,0.025,0.006,0.013,0.015,0.011,0.015,0.038,0.0365,0.0315,0.0335,0.0845,0.023,0.0125,0.023,0.0385,0.039,0.0405,0.004,0.0115,0.024,0.0505,0.021,0.0175,0.0055,0.0225,0.0375,0.0195,0.0245,0.022,0.04,0.0105,NA,NA,NA,NA,NA,NA,NA,NA,NA,NA,NA,NA,NA,NA,NA,NA,NA,NA,NA,NA,NA,NA,NA,NA,NA,NA,NA,NA,NA,NA,NA,NA,NA,NA,NA,NA,NA,NA,NA,NA,NA,NA,NA,NA,NA,NA,NA,NA,NA,NA,NA,NA,NA,NA,NA,NA,NA,NA,NA,NA,NA,NA,NA,NA,NA,NA,NA
"2014-07-19","2016-04-09","SKU_135",8e-04,8e-04,0.0122,0.002,0.002,0.0204,0.0118,0.0014,0.0228,0.0228,0.006,0.007,0.0156,0.0096,0.0356,0.0146,0.0134,0.0126,0.008,0.0158,0.0132,0.0154,0.0084,0.0076,0.0156,0.021,0.0668,0.0158,0.0154,0.0094,0.0124,0.023,0.0224,0.013,0.021,0.0172,0.012,0.018,0.0104,0.006,0.0122,0.0086,0.0084,0.012,0.0094,0.0108,0.0154,0.0292,0.0102,0.013,0.0132,0.0294,0.0064,0.012,0.0116,0.0062,0.0122,0.0144,0.0076,0.0058,0.008,0.0104,0.0086,0.011,0.007,0.0046,0.0052,0.0072,0.0104,0.0044,0.0028,0.0114,0.0034,0.0088,0.0038,0.0044,0.0052,0.0074,0.0034,0.0124,0.0042,0.0056,0.0072,0.004,0.0076,0.0046,0,0,0,0,0,NA,NA,NA,NA,NA,NA,NA,NA,NA,NA,NA,NA,NA,NA,NA,NA,NA,NA,NA,NA,NA,NA,NA,NA,NA,NA,NA
"2014-06-07","2014-09-27","SKU_136",0.0058,0.038,0.0424,0.0688,0.0404,0.0714,0.0936,0.0816,0.0624,0.1072,0.0842,0.0804,0.0986,0.0664,0.059,0,0,NA,NA,NA,NA,NA,NA,NA,NA,NA,NA,NA,NA,NA,NA,NA,NA,NA,NA,NA,NA,NA,NA,NA,NA,NA,NA,NA,NA,NA,NA,NA,NA,NA,NA,NA,NA,NA,NA,NA,NA,NA,NA,NA,NA,NA,NA,NA,NA,NA,NA,NA,NA,NA,NA,NA,NA,NA,NA,NA,NA,NA,NA,NA,NA,NA,NA,NA,NA,NA,NA,NA,NA,NA,NA,NA,NA,NA,NA,NA,NA,NA,NA,NA,NA,NA,NA,NA,NA,NA,NA,NA,NA,NA,NA,NA,NA,NA,NA,NA,NA,NA
"2015-02-21","2016-05-21","SKU_137",0.00295,0.00365,0.00505,0.0049,0.00665,0.01605,0.0088,0.0086,0.0176,0.01975,0.02205,0.015,0.01185,0.01495,0.0412,0.01295,0.03145,0.0198,0.01385,0.03085,0.0451,0.02185,0.02455,0.02865,0.02175,0.02995,0.0212,0.04275,0.0131,0.01475,0.0242,0.01235,0.0277,0.01865,0.02565,0.02985,0.01695,0.01615,0.02095,0.00555,0.02335,0.0119,0.0279,0.011,0.0044,0.01495,0.013,0.0038,0.0079,0.0202,0.0062,0.00555,0.00425,0.0112,0.00595,0.0083,0.009,0.00965,0.0081,0.004,0.0199,0,0,0,0,0,NA,NA,NA,NA,NA,NA,NA,NA,NA,NA,NA,NA,NA,NA,NA,NA,NA,NA,NA,NA,NA,NA,NA,NA,NA,NA,NA,NA,NA,NA,NA,NA,NA,NA,NA,NA,NA,NA,NA,NA,NA,NA,NA,NA,NA,NA,NA,NA,NA,NA,NA,NA
"2013-06-08","2014-01-25","SKU_138",0.0021,0.0137,0.0131,0.0048,0.0163,0.0255,0.022,0.0165,0.0084,0.06,0.0155,0.0129,0.0112,0.0143,0.024,0.0214,0.019,0.0285,0.0321,0.0269,0.0243,0.0475,0.0606,0.0437,0.0245,0.0344,0.0418,0.0428,0.0253,0.0377,0.0596,0.0707,0.037,0.0618,NA,NA,NA,NA,NA,NA,NA,NA,NA,NA,NA,NA,NA,NA,NA,NA,NA,NA,NA,NA,NA,NA,NA,NA,NA,NA,NA,NA,NA,NA,NA,NA,NA,NA,NA,NA,NA,NA,NA,NA,NA,NA,NA,NA,NA,NA,NA,NA,NA,NA,NA,NA,NA,NA,NA,NA,NA,NA,NA,NA,NA,NA,NA,NA,NA,NA,NA,NA,NA,NA,NA,NA,NA,NA,NA,NA,NA,NA,NA,NA,NA,NA,NA,NA
"2014-06-07","2015-06-06","SKU_139",0.001,0.0036,0.0094,0.0072,0.0092,0.0222,0.0614,0.0244,0.0204,0.0176,0.0218,0.016,0.021,0.0306,0.0192,0.0174,0.0308,0.0214,0.042,0.0346,0.0166,0.0156,0.018,0.0266,0.0048,0.019,0.0222,0.0196,0.0142,0.0142,0.02,0.013,0.0452,0.0172,0.0166,0.0094,0.0146,0.0126,0.0138,0.0212,0.0176,0.0194,0.0072,0.0194,0.0414,0.0636,0.016,0.0072,0.0226,0,0,0,0,NA,NA,NA,NA,NA,NA,NA,NA,NA,NA,NA,NA,NA,NA,NA,NA,NA,NA,NA,NA,NA,NA,NA,NA,NA,NA,NA,NA,NA,NA,NA,NA,NA,NA,NA,NA,NA,NA,NA,NA,NA,NA,NA,NA,NA,NA,NA,NA,NA,NA,NA,NA,NA,NA,NA,NA,NA,NA,NA,NA,NA,NA,NA,NA,NA
"2013-09-14","2014-08-23","SKU_14",0.00195,0.00455,0.004,0.0048,0.00675,0.0092,0.004,0.0115,0.02455,0.0111,0.01385,0.01355,0.0164,0.01425,0.00915,0.00675,0.0112,0.0154,0.01715,0.02795,0.0301,0.02805,0.0295,0.03765,0.0262,0.0402,0.0263,0.0629,0.04715,0.0322,0.0354,0.04205,0.0312,0.0518,0.0427,0.0418,0.03195,0.0322,0.03595,0.032,0.0257,0.0046,0.00225,0.00105,0.00105,0,0,-0.00015,0.00015,0,NA,NA,NA,NA,NA,NA,NA,NA,NA,NA,NA,NA,NA,NA,NA,NA,NA,NA,NA,NA,NA,NA,NA,NA,NA,NA,NA,NA,NA,NA,NA,NA,NA,NA,NA,NA,NA,NA,NA,NA,NA,NA,NA,NA,NA,NA,NA,NA,NA,NA,NA,NA,NA,NA,NA,NA,NA,NA,NA,NA,NA,NA,NA,NA,NA,NA,NA,NA
"2014-02-01","2014-10-04","SKU_140",1e-04,0.004,0.0076,0.0173,0.0224,0.0373,0.0403,0.0409,0.0524,0.0486,0.0507,0.0854,0.0352,0.0806,0.037,0.0393,0.0297,0.0565,0.0427,0.0309,0.013,0.0411,0.0082,0.0136,0.0086,0.0131,0.0147,0.0112,0.009,0.0181,0.0124,0.035,0.0186,0.0085,0.0162,0,NA,NA,NA,NA,NA,NA,NA,NA,NA,NA,NA,NA,NA,NA,NA,NA,NA,NA,NA,NA,NA,NA,NA,NA,NA,NA,NA,NA,NA,NA,NA,NA,NA,NA,NA,NA,NA,NA,NA,NA,NA,NA,NA,NA,NA,NA,NA,NA,NA,NA,NA,NA,NA,NA,NA,NA,NA,NA,NA,NA,NA,NA,NA,NA,NA,NA,NA,NA,NA,NA,NA,NA,NA,NA,NA,NA,NA,NA,NA,NA,NA,NA
"2014-01-11","2014-11-01","SKU_141",0.01072,0.0016,0.0074,0.01348,0.023,0.00428,0.01598,0.01218,0.0187,0.02974,0.0401,0.02606,0.04154,0.02376,0.02716,0.0091,0.04836,0.02494,0.05182,0.06812,0.05154,0.0437,0.02838,0.03568,0.0317,0.0246,0.02836,0.04904,0.03004,0.03368,0.0212,0.01002,0.02634,0.0078,0.02344,0.00336,0.0026,0.01158,0.0025,0.00612,0.00818,0.00702,0.01516,NA,NA,NA,NA,NA,NA,NA,NA,NA,NA,NA,NA,NA,NA,NA,NA,NA,NA,NA,NA,NA,NA,NA,NA,NA,NA,NA,NA,NA,NA,NA,NA,NA,NA,NA,NA,NA,NA,NA,NA,NA,NA,NA,NA,NA,NA,NA,NA,NA,NA,NA,NA,NA,NA,NA,NA,NA,NA,NA,NA,NA,NA,NA,NA,NA,NA,NA,NA,NA,NA,NA,NA,NA,NA,NA
"2013-11-09","2015-10-31","SKU_142",0.00138,0.00672,0.00496,0.0098,0.01088,0.02136,0.00396,0.00844,0.01392,0.01754,0.01736,0.01956,0.02228,0.02062,0.01848,0.03428,0.02232,0.0315,0.02632,0.03816,0.03646,0.04436,0.03862,0.0405,0.03176,0.02844,0.02336,0.02128,0.02626,0.02102,0.01936,0.0297,0.029,0.0137,0.01548,0.03748,0.031,0.03514,0.02696,0.02302,0.02056,0.01824,0.0142,0.01782,0.00612,0.00016,6e-05,6e-05,0,0,0,0,0,0,0,0,0,0,0,0,0,0,0,0,0,0,0,0,0,0,0,0,0,0,0,0,0,0,0,0,0,0,0,0,0,0,0,0,0,0,0,0,0,0,0,0,2e-05,0,2e-05,2e-05,0,0,0,2e-05,NA,NA,NA,NA,NA,NA,NA,NA,NA,NA,NA,NA,NA,NA
"2014-01-11","2014-09-06","SKU_143",2e-04,0.018,0.0079,0.0162,0.0195,0.0129,0.028,0.0151,0.0222,0.0286,0.0267,0.0308,0.0331,0.0347,0.0398,0.0355,0.0372,0.0338,0.0396,0.0536,0.0283,0.0395,0.0555,0.0461,0.0202,0.0292,0.038,0.0343,0.052,0.0207,0.0329,0.0163,0.022,0.0257,0.006,NA,NA,NA,NA,NA,NA,NA,NA,NA,NA,NA,NA,NA,NA,NA,NA,NA,NA,NA,NA,NA,NA,NA,NA,NA,NA,NA,NA,NA,NA,NA,NA,NA,NA,NA,NA,NA,NA,NA,NA,NA,NA,NA,NA,NA,NA,NA,NA,NA,NA,NA,NA,NA,NA,NA,NA,NA,NA,NA,NA,NA,NA,NA,NA,NA,NA,NA,NA,NA,NA,NA,NA,NA,NA,NA,NA,NA,NA,NA,NA,NA,NA,NA
"2014-07-05","2016-06-04","SKU_144",5e-05,0.00205,0.00295,0.00305,0.00115,0.0036,0.002,0.004,0.006,0.00445,0.0056,0.00345,0.00355,0.00275,0.00495,0.0073,0.00975,0.00645,0.00725,0.02695,0.00515,0.00875,0.0076,0.01535,0.00625,0.01635,0.02035,0.0198,0.0149,0.0223,0.01065,0.0139,0.029,0.02915,0.0131,0.0187,0.0184,0.02085,0.01615,0.00855,0.01505,0.015,0.0134,0.0109,0.01525,0.01145,0.0104,0.0138,0.0195,0.02665,0.0155,0.0158,0.00865,0.0107,0.0108,0.01495,0.0139,0.01275,0.01185,0.0073,0.0109,0.0097,0.01675,0.00465,0.013,0.00915,0.01065,0.01025,0.02285,0.01185,0.00695,0.0103,0.0056,0.00885,0.0068,0.0088,0.00405,0.0063,0.0115,0.0107,0.0057,0.0155,0.00955,0.00565,0.0101,0.0121,0.0089,0.0043,0.0038,0.00485,0.00405,0.0029,0.01005,0.00035,0.00065,0.00055,0.0015,0.001,0.0012,0.00145,5e-05,NA,NA,NA,NA,NA,NA,NA,NA,NA,NA,NA,NA,NA,NA,NA,NA,NA
"2014-01-11","2015-01-24","SKU_145",2e-05,0,0,0.03184,0.02238,0.0225,0.03846,0.02948,0.0389,0.03614,0.04322,0.04278,0.05292,0.03574,0.03366,0.03714,0.0306,0.0361,0.0352,0.0373,0.0306,0.02562,0.0285,0.0532,0.02364,0.03304,0.0261,0.02808,0.02642,0.01754,0.031,0.01772,0.01036,0.01502,0.01444,0.01296,0.00124,0.00014,0,0,0,0,0,0,0,0,0,0,0,0,0,0,0,0,4e-05,NA,NA,NA,NA,NA,NA,NA,NA,NA,NA,NA,NA,NA,NA,NA,NA,NA,NA,NA,NA,NA,NA,NA,NA,NA,NA,NA,NA,NA,NA,NA,NA,NA,NA,NA,NA,NA,NA,NA,NA,NA,NA,NA,NA,NA,NA,NA,NA,NA,NA,NA,NA,NA,NA,NA,NA,NA,NA,NA,NA,NA,NA,NA
"2015-02-28","2016-01-02","SKU_146",0.0185,0.029,5e-04,0.01,0.002,0.0075,0.02,0.0605,0.002,0.0095,0.019,0.014,0.051,0.0275,0.1365,0.003,0.0155,0.066,0.0405,0.002,0.004,0.025,0.004,0,0.025,0.0125,0.034,0.003,0.008,0.0095,0.01,0.149,0,0.041,0.0215,0.038,5e-04,0.039,0,0.027,5e-04,0.004,0,0.0075,0.0025,NA,NA,NA,NA,NA,NA,NA,NA,NA,NA,NA,NA,NA,NA,NA,NA,NA,NA,NA,NA,NA,NA,NA,NA,NA,NA,NA,NA,NA,NA,NA,NA,NA,NA,NA,NA,NA,NA,NA,NA,NA,NA,NA,NA,NA,NA,NA,NA,NA,NA,NA,NA,NA,NA,NA,NA,NA,NA,NA,NA,NA,NA,NA,NA,NA,NA,NA,NA,NA,NA,NA,NA,NA
"2013-11-09","2014-10-25","SKU_147",0.00074,0.00266,0.00404,0.00374,0.0043,0.00852,0.01046,0.00816,0.00974,0.01622,0.02442,0.02444,0.01696,0.01986,0.01858,0.01704,0.02552,0.03238,0.02834,0.05072,0.03962,0.043,0.04788,0.0353,0.03112,0.0314,0.02498,0.03294,0.0183,0.02274,0.0274,0.02356,0.02688,0.01628,0.0223,0.02812,0.0267,0.03122,0.0153,0.01512,0.01596,0.02154,0.02336,0.01402,0.02636,0.01174,0,0,0,0,0,NA,NA,NA,NA,NA,NA,NA,NA,NA,NA,NA,NA,NA,NA,NA,NA,NA,NA,NA,NA,NA,NA,NA,NA,NA,NA,NA,NA,NA,NA,NA,NA,NA,NA,NA,NA,NA,NA,NA,NA,NA,NA,NA,NA,NA,NA,NA,NA,NA,NA,NA,NA,NA,NA,NA,NA,NA,NA,NA,NA,NA,NA,NA,NA,NA,NA,NA
"2014-07-19","2016-03-12","SKU_148",0,7e-04,8e-04,6e-04,9e-04,0.0044,0.003,0.0104,0.0024,0.0045,0.0097,0.0109,0.0148,0.0106,0.0251,0.0101,0.0111,0.0148,0.0146,0.0087,0.0213,0.034,0.0147,0.0081,0.0096,0.0119,0.019,0.0135,0.0232,0.022,0.0313,0.0209,0.0224,0.0257,0.0222,0.0144,0.0262,0.0137,0.014,0.0174,0.0177,0.0089,0.0148,0.019,0.0068,0.021,0.0273,0.0111,0.0142,0.012,0.0089,0.0154,0.0109,0.0148,0.0068,0.0134,0.0082,0.0113,0.0115,0.0162,0.0077,0.0148,0.012,0.0101,0.0086,0.0098,0.0096,0.0069,0.0076,0.0059,0.0102,0.0064,0.0063,0.0052,0.0033,0.0025,0.0104,0.005,0.0083,0.0066,0.0061,0.0045,0.0032,0.0037,0.0043,0.0071,3e-04,NA,NA,NA,NA,NA,NA,NA,NA,NA,NA,NA,NA,NA,NA,NA,NA,NA,NA,NA,NA,NA,NA,NA,NA,NA,NA,NA,NA,NA,NA,NA
"2013-06-08","2014-10-25","SKU_149",4e-04,0.005,0.0108,0.0072,0.0244,0.0146,0.0134,0.0126,0.0152,0.0164,0.0106,0.0282,0.0202,0.0198,0.0152,0.0104,0.0194,0.0248,0.031,0.0574,0.0438,0.046,0.0252,0.0458,0.0188,0.0314,0.0528,0.0752,0.0514,0.019,0.0608,0.006,0.006,0.0076,0.0346,0.049,0.0234,0.0194,0.009,0.0036,0.0036,0.0012,6e-04,0.0034,0.001,4e-04,0,2e-04,2e-04,0,0,0,0,2e-04,0,0,0,0,0,0,0,0,0,0,4e-04,0,6e-04,0,2e-04,0,0,4e-04,4e-04,NA,NA,NA,NA,NA,NA,NA,NA,NA,NA,NA,NA,NA,NA,NA,NA,NA,NA,NA,NA,NA,NA,NA,NA,NA,NA,NA,NA,NA,NA,NA,NA,NA,NA,NA,NA,NA,NA,NA,NA,NA,NA,NA,NA,NA
"2013-10-26","2014-07-19","SKU_15",0.0025,0.0042,0.004,0.0051,0.0055,0.011,0.0088,0.0127,0.0057,0.0048,0.0185,0.0136,0.0205,0.0289,0.0855,0.0261,0.0226,0.0202,0.0281,0.0292,0.0465,0.0296,0.0285,0.0424,0.0537,0.058,0.0299,0.0556,0.0327,0.0284,0.0563,0.0428,0.0426,0.0563,0.0171,0.0218,0,0,0,NA,NA,NA,NA,NA,NA,NA,NA,NA,NA,NA,NA,NA,NA,NA,NA,NA,NA,NA,NA,NA,NA,NA,NA,NA,NA,NA,NA,NA,NA,NA,NA,NA,NA,NA,NA,NA,NA,NA,NA,NA,NA,NA,NA,NA,NA,NA,NA,NA,NA,NA,NA,NA,NA,NA,NA,NA,NA,NA,NA,NA,NA,NA,NA,NA,NA,NA,NA,NA,NA,NA,NA,NA,NA,NA,NA,NA,NA,NA
"2013-12-21","2014-11-01","SKU_150",3e-04,0,0,0.00065,0.00295,0.00295,0.00925,0.01705,0.03235,0.0289,0.02065,0.0198,0.0441,0.03435,0.0389,0.03955,0.03755,0.04285,0.0589,0.0286,0.03155,0.03565,0.03425,0.04355,0.02355,0.0253,0.03235,0.01955,0.03395,0.02415,0.02325,0.01455,0.01245,0.02165,0.0201,0.022,0.01685,0.0136,0.0156,0.0207,0.03775,0.0133,0.0045,-0.00095,0.001,2e-04,NA,NA,NA,NA,NA,NA,NA,NA,NA,NA,NA,NA,NA,NA,NA,NA,NA,NA,NA,NA,NA,NA,NA,NA,NA,NA,NA,NA,NA,NA,NA,NA,NA,NA,NA,NA,NA,NA,NA,NA,NA,NA,NA,NA,NA,NA,NA,NA,NA,NA,NA,NA,NA,NA,NA,NA,NA,NA,NA,NA,NA,NA,NA,NA,NA,NA,NA,NA,NA,NA,NA,NA
"2015-02-21","2016-04-30","SKU_151",0.0016,0.0012,0.00156,0.00602,0.00352,0.00546,0.00232,0.0027,0.00712,0.0039,0.00772,0.0056,0.00586,0.01326,0.03568,0.03112,0.03136,0.0326,0.019,0.02106,0.01826,0.02232,0.01544,0.02002,0.01902,0.02788,0.02748,0.03182,0.01922,0.0356,0.02236,0.02288,0.01684,0.0181,0.01768,0.02498,0.01938,0.0147,0.0237,0.0148,0.01752,0.02144,0.01812,0.01328,0.01422,0.01448,0.01084,0.01636,0.01438,0.01058,0.01704,0.01406,0.04102,0.01084,0.0097,0.01034,0.00922,0.01184,0.01426,0.01064,0.0153,0.01264,0.00066,NA,NA,NA,NA,NA,NA,NA,NA,NA,NA,NA,NA,NA,NA,NA,NA,NA,NA,NA,NA,NA,NA,NA,NA,NA,NA,NA,NA,NA,NA,NA,NA,NA,NA,NA,NA,NA,NA,NA,NA,NA,NA,NA,NA,NA,NA,NA,NA,NA,NA,NA,NA,NA,NA,NA
"2013-11-02","2014-01-25","SKU_152",0.0572,0.1044,0.0852,0.0604,0.0608,0.1136,0.0816,0.0248,0.0426,0.0628,0.0842,0.1454,0.077,NA,NA,NA,NA,NA,NA,NA,NA,NA,NA,NA,NA,NA,NA,NA,NA,NA,NA,NA,NA,NA,NA,NA,NA,NA,NA,NA,NA,NA,NA,NA,NA,NA,NA,NA,NA,NA,NA,NA,NA,NA,NA,NA,NA,NA,NA,NA,NA,NA,NA,NA,NA,NA,NA,NA,NA,NA,NA,NA,NA,NA,NA,NA,NA,NA,NA,NA,NA,NA,NA,NA,NA,NA,NA,NA,NA,NA,NA,NA,NA,NA,NA,NA,NA,NA,NA,NA,NA,NA,NA,NA,NA,NA,NA,NA,NA,NA,NA,NA,NA,NA,NA,NA,NA,NA
"2013-10-26","2014-11-15","SKU_153",1e-04,0.006,0.0066,0.004,0.0093,0.0109,0.015,0.0079,0.0044,0.0084,0.0182,0.0135,0.0176,0.0123,0.0098,0.0119,0.0101,0.0241,0.015,0.0317,0.0292,0.0756,0.0436,0.0295,0.0384,0.0206,0.0259,0.0244,0.0318,0.0197,0.0247,0.0291,0.0171,0.0259,0.0532,0.0222,0.0263,0.0095,0.0114,0.0301,0.008,0.023,0.0171,0.0072,0.0142,0.017,0.0172,0.0048,0.0129,0.0308,0.0173,0.0054,0,0,0,0,NA,NA,NA,NA,NA,NA,NA,NA,NA,NA,NA,NA,NA,NA,NA,NA,NA,NA,NA,NA,NA,NA,NA,NA,NA,NA,NA,NA,NA,NA,NA,NA,NA,NA,NA,NA,NA,NA,NA,NA,NA,NA,NA,NA,NA,NA,NA,NA,NA,NA,NA,NA,NA,NA,NA,NA,NA,NA,NA,NA,NA,NA
"2014-07-19","2016-04-23","SKU_154",0.00016,4e-05,6e-05,0.00152,0.00032,0.00178,3e-04,0.00046,0.00072,0.00056,0.00256,0.00736,0.0038,0.00846,0.00616,0.00726,0.005,0.009,0.0039,0.01514,0.00928,0.00962,0.00366,0.00216,0.01468,0.00452,0.01278,0.0142,0.01126,0.01,0.00886,0.01174,0.01702,0.00912,0.0098,0.012,0.01184,0.01542,0.01448,0.02898,0.00802,0.01032,0.01098,0.0256,0.0071,0.01444,0.01946,0.02556,0.03482,0.01782,0.01328,0.01746,0.02004,0.02602,0.00682,0.02488,0.01588,0.0091,0.01164,0.014,0.02788,0.03014,0.0094,0.03394,0.02394,0.00634,0.01316,0.00594,0.01376,0.0168,0.01306,0.00908,0.00856,0.01388,0.0356,0.0025,0.004,0.01062,0.0091,0.00714,0.00548,0.01222,0.00792,0.01122,0.0078,0.01072,0.00664,0.00396,0,0,0,0,0,NA,NA,NA,NA,NA,NA,NA,NA,NA,NA,NA,NA,NA,NA,NA,NA,NA,NA,NA,NA,NA,NA,NA,NA,NA
"2014-02-01","2014-08-16","SKU_155",0.0029,0.0055,0.0029,0.0076,0.0021,0.0073,0.0178,0.031,0.0493,0.0462,0.0683,0.0313,0.043,0.0328,0.0391,0.0541,0.0368,0.0646,0.0608,0.037,0.0718,0.014,0.0731,0.0315,0.0584,0.0444,0.0284,0.0379,0,NA,NA,NA,NA,NA,NA,NA,NA,NA,NA,NA,NA,NA,NA,NA,NA,NA,NA,NA,NA,NA,NA,NA,NA,NA,NA,NA,NA,NA,NA,NA,NA,NA,NA,NA,NA,NA,NA,NA,NA,NA,NA,NA,NA,NA,NA,NA,NA,NA,NA,NA,NA,NA,NA,NA,NA,NA,NA,NA,NA,NA,NA,NA,NA,NA,NA,NA,NA,NA,NA,NA,NA,NA,NA,NA,NA,NA,NA,NA,NA,NA,NA,NA,NA,NA,NA,NA,NA,NA
"2014-07-12","2016-05-07","SKU_156",0.00018,5e-04,0.00122,0.00206,0.00186,0.0021,0.00384,0.0035,0.00544,0.00294,0.00942,0.0106,0.01074,0.01266,0.0136,0.01784,0.01082,0.01254,0.01766,0.00748,0.01394,0.01224,0.01118,0.00462,0.00772,0.01024,0.01134,0.01302,0.0122,0.01164,0.00906,0.01016,0.00926,0.0101,0.01268,0.02888,0.02234,0.00966,0.0086,0.01146,0.01092,0.01658,0.0112,0.01066,0.01528,0.012,0.01398,0.027,0.01938,0.02128,0.01402,0.01352,0.01402,0.01178,0.01932,0.01232,0.00952,0.00852,0.02336,0.01432,0.01016,0.00844,0.02,0.01376,0.012,0.01774,0.00908,0.01218,0.00992,0.00786,0.01026,0.0124,0.01392,0.00748,0.01336,0.00764,0.01072,0.00694,0.0121,0.01,0.0161,0.00462,0.00428,0.00634,0.00598,0.00672,0.00638,0.00668,0.01002,0.01662,0.0031,0.00094,0,0,0,0,NA,NA,NA,NA,NA,NA,NA,NA,NA,NA,NA,NA,NA,NA,NA,NA,NA,NA,NA,NA,NA,NA
"2016-06-18","2016-09-17","SKU_157",0.0435,0.0145,0.007,0.029,0.0575,0.1445,0.0145,0.036,0.101,0.0695,0.101,0.1585,0.0575,0.166,NA,NA,NA,NA,NA,NA,NA,NA,NA,NA,NA,NA,NA,NA,NA,NA,NA,NA,NA,NA,NA,NA,NA,NA,NA,NA,NA,NA,NA,NA,NA,NA,NA,NA,NA,NA,NA,NA,NA,NA,NA,NA,NA,NA,NA,NA,NA,NA,NA,NA,NA,NA,NA,NA,NA,NA,NA,NA,NA,NA,NA,NA,NA,NA,NA,NA,NA,NA,NA,NA,NA,NA,NA,NA,NA,NA,NA,NA,NA,NA,NA,NA,NA,NA,NA,NA,NA,NA,NA,NA,NA,NA,NA,NA,NA,NA,NA,NA,NA,NA,NA,NA,NA,NA
"2015-02-21","2016-05-28","SKU_158",9e-04,0.0055,0.00585,0.00535,0.0141,0.00855,0.0096,0.00985,0.01215,0.0168,0.01525,0.01885,0.0172,0.0094,0.05125,0.0185,0.04685,0.01855,0.02225,0.0274,0.0144,0.06845,0.01365,0.00765,0.0119,0.02185,0.02025,0.01735,0.0277,0.0108,0.0205,0.02105,0.02605,0.01935,0.01415,0.00935,0.00895,0.0141,0.0158,0.00845,0.01805,0.0422,0.01055,0.0078,0.0099,0.0125,0.01165,0.02075,0.0355,0.0115,0.01265,0.0134,0.0209,0.01015,0.01145,0.0132,0.0118,0.0038,0,4e-04,0.00165,0.0028,0.0058,0.0024,0.00185,0.00145,0,NA,NA,NA,NA,NA,NA,NA,NA,NA,NA,NA,NA,NA,NA,NA,NA,NA,NA,NA,NA,NA,NA,NA,NA,NA,NA,NA,NA,NA,NA,NA,NA,NA,NA,NA,NA,NA,NA,NA,NA,NA,NA,NA,NA,NA,NA,NA,NA,NA,NA,NA
"2015-03-07","2015-06-13","SKU_159",6e-04,0.003,0.0402,0,0.2708,0.018,0.003,0.054,0.0068,0.013,0.0136,0.187,0.0012,0.078,0.3104,NA,NA,NA,NA,NA,NA,NA,NA,NA,NA,NA,NA,NA,NA,NA,NA,NA,NA,NA,NA,NA,NA,NA,NA,NA,NA,NA,NA,NA,NA,NA,NA,NA,NA,NA,NA,NA,NA,NA,NA,NA,NA,NA,NA,NA,NA,NA,NA,NA,NA,NA,NA,NA,NA,NA,NA,NA,NA,NA,NA,NA,NA,NA,NA,NA,NA,NA,NA,NA,NA,NA,NA,NA,NA,NA,NA,NA,NA,NA,NA,NA,NA,NA,NA,NA,NA,NA,NA,NA,NA,NA,NA,NA,NA,NA,NA,NA,NA,NA,NA,NA,NA,NA
"2013-10-19","2014-07-26","SKU_16",1e-04,1e-04,0.0013,0.0036,0.0022,0.0024,0.0041,0.0047,0.0064,0.004,0.0031,0.0073,0.0123,0.0065,0.021,0.0163,0.0248,0.0378,0.0486,0.0353,0.0425,0.0415,0.041,0.0408,0.0571,0.0527,0.0453,0.0519,0.0458,0.0451,0.0477,0.0382,0.0277,0.0274,0.0477,0.081,0.0247,0,0,0,0,NA,NA,NA,NA,NA,NA,NA,NA,NA,NA,NA,NA,NA,NA,NA,NA,NA,NA,NA,NA,NA,NA,NA,NA,NA,NA,NA,NA,NA,NA,NA,NA,NA,NA,NA,NA,NA,NA,NA,NA,NA,NA,NA,NA,NA,NA,NA,NA,NA,NA,NA,NA,NA,NA,NA,NA,NA,NA,NA,NA,NA,NA,NA,NA,NA,NA,NA,NA,NA,NA,NA,NA,NA,NA,NA,NA,NA
"2013-11-02","2014-10-25","SKU_160",0.00054,0.0016,0.01074,0.0073,0.02912,0.0081,0.00856,0.0034,0.00338,0.00798,0.0084,0.0151,0.0292,0.02054,0.02084,0.0154,0.02984,0.00748,0.01738,0.02108,0.02532,0.02884,0.02336,0.03244,0.06304,0.0362,0.0116,0.02108,0.0349,0.01002,0.03622,0.01214,0.02144,0.02302,0.01816,0.04404,0.03066,0.0194,0.02616,0.00892,0.0244,0.01444,0.02136,0.02522,0.01392,0.02182,0.01324,0.02948,0.03904,0.0034,0.00018,0.00056,NA,NA,NA,NA,NA,NA,NA,NA,NA,NA,NA,NA,NA,NA,NA,NA,NA,NA,NA,NA,NA,NA,NA,NA,NA,NA,NA,NA,NA,NA,NA,NA,NA,NA,NA,NA,NA,NA,NA,NA,NA,NA,NA,NA,NA,NA,NA,NA,NA,NA,NA,NA,NA,NA,NA,NA,NA,NA,NA,NA,NA,NA,NA,NA,NA,NA
"2016-06-11","2016-09-24","SKU_161",0.003,0,0.029,0.0145,0,0.0205,0.035,0,0.234,0.0265,0.079,0.1025,0.184,0.0645,0.111,0.0965,NA,NA,NA,NA,NA,NA,NA,NA,NA,NA,NA,NA,NA,NA,NA,NA,NA,NA,NA,NA,NA,NA,NA,NA,NA,NA,NA,NA,NA,NA,NA,NA,NA,NA,NA,NA,NA,NA,NA,NA,NA,NA,NA,NA,NA,NA,NA,NA,NA,NA,NA,NA,NA,NA,NA,NA,NA,NA,NA,NA,NA,NA,NA,NA,NA,NA,NA,NA,NA,NA,NA,NA,NA,NA,NA,NA,NA,NA,NA,NA,NA,NA,NA,NA,NA,NA,NA,NA,NA,NA,NA,NA,NA,NA,NA,NA,NA,NA,NA,NA,NA,NA
"2016-06-25","2016-09-24","SKU_162",0.0395,0.032,0.0125,0.0215,0.0865,0.042,0.015,0.0215,0.0595,0.39,0.0165,0.07,0.0825,0.1105,NA,NA,NA,NA,NA,NA,NA,NA,NA,NA,NA,NA,NA,NA,NA,NA,NA,NA,NA,NA,NA,NA,NA,NA,NA,NA,NA,NA,NA,NA,NA,NA,NA,NA,NA,NA,NA,NA,NA,NA,NA,NA,NA,NA,NA,NA,NA,NA,NA,NA,NA,NA,NA,NA,NA,NA,NA,NA,NA,NA,NA,NA,NA,NA,NA,NA,NA,NA,NA,NA,NA,NA,NA,NA,NA,NA,NA,NA,NA,NA,NA,NA,NA,NA,NA,NA,NA,NA,NA,NA,NA,NA,NA,NA,NA,NA,NA,NA,NA,NA,NA,NA,NA,NA
"2014-07-19","2016-04-02","SKU_163",1e-04,4e-04,0.001,5e-04,0.0018,0.0014,0.0015,0.0027,0.0035,0.002,0.0036,0.004,0.0108,0.0164,0.0156,0.0229,0.0084,0.0077,0.0124,0.0113,0.0278,0.0149,0.0037,0.0064,0.0107,0.013,0.0143,0.0136,0.0102,0.0107,0.012,0.013,0.0224,0.0198,0.0218,0.025,0.0252,0.0109,0.0152,0.0136,0.0165,0.0081,0.0165,0.0364,0.025,0.0111,0.0196,0.0274,0.0144,0.02,0.0123,0.0166,0.0122,0.0129,0.0095,0.0092,0.0101,0.0075,0.0116,0.0069,0.0181,0.0099,0.0082,0.009,0.0095,0.0086,0.0119,0.0124,0.0203,0.0069,0.0043,0.0069,0.0297,0.0034,0.002,0.0034,0.0081,0.0177,0.0074,0.0066,0.019,0.0054,0.0042,0.0041,0.0062,0.0057,0.0131,0.0019,0,0,NA,NA,NA,NA,NA,NA,NA,NA,NA,NA,NA,NA,NA,NA,NA,NA,NA,NA,NA,NA,NA,NA,NA,NA,NA,NA,NA,NA
"2014-01-11","2014-10-11","SKU_164",0.00235,0.0078,0.0149,0.00835,0.02815,0.0175,0.0478,0.02055,0.02015,0.0334,0.02255,0.0321,0.0429,0.0398,0.0341,0.0502,0.032,0.0386,0.03535,0.032,0.0429,0.0314,0.03685,0.03125,0.02725,0.02785,0.0413,0.0252,0.0229,0.02055,0.0164,0.0174,0.02005,0.0111,0.01745,0.01905,0.01075,0.0199,0,0,NA,NA,NA,NA,NA,NA,NA,NA,NA,NA,NA,NA,NA,NA,NA,NA,NA,NA,NA,NA,NA,NA,NA,NA,NA,NA,NA,NA,NA,NA,NA,NA,NA,NA,NA,NA,NA,NA,NA,NA,NA,NA,NA,NA,NA,NA,NA,NA,NA,NA,NA,NA,NA,NA,NA,NA,NA,NA,NA,NA,NA,NA,NA,NA,NA,NA,NA,NA,NA,NA,NA,NA,NA,NA,NA,NA,NA,NA
"2015-02-21","2016-04-30","SKU_165",0.00046,0.004,0.002,0.0038,0.0078,0.00524,0.0058,0.0079,0.01098,0.00726,0.0046,0.00734,0.00828,0.01982,0.01132,0.0076,0.01352,0.04046,0.02332,0.0144,0.01002,0.02604,0.01716,0.01192,0.01092,0.01742,0.02214,0.02486,0.01324,0.01808,0.0278,0.01462,0.022,0.01546,0.01044,0.0158,0.02322,0.02248,0.01666,0.01874,0.01946,0.02174,0.03018,0.0236,0.01096,0.0165,0.02352,0.0218,0.04376,0.01448,0.0272,0.01434,0.0203,0.01986,0.01466,0.02214,0.00996,0.03232,0.0122,0.013,0.02312,0,0,NA,NA,NA,NA,NA,NA,NA,NA,NA,NA,NA,NA,NA,NA,NA,NA,NA,NA,NA,NA,NA,NA,NA,NA,NA,NA,NA,NA,NA,NA,NA,NA,NA,NA,NA,NA,NA,NA,NA,NA,NA,NA,NA,NA,NA,NA,NA,NA,NA,NA,NA,NA,NA,NA,NA
"2014-01-11","2016-01-09","SKU_166",4e-04,0.0022,0.011,0.0134,0.0068,0.0212,0.0206,0.0234,0.0208,0.0126,0.0498,0.0244,0.041,0.0324,0.0326,0.045,0.0352,0.0326,0.0306,0.0194,0.041,0.0362,0.0518,0.0308,0.027,0.0276,0.037,0.0528,0.0208,0.0176,0.0308,0.0398,0.0168,0.0314,0.0194,0.016,0.0188,2e-04,0.0042,0,0,0,0,0,0,0,0,0,0,0,0,0,0,0,0,0,0,0,6e-04,0,0,0,0,0,0,0,0,0,0,0,0,0,0,0,6e-04,0,0,0,0,0,0,0,0,0,6e-04,0,0,0,6e-04,0,6e-04,0,0,0,0,0,0,0,0,0,0.001,0,0,0,6e-04,NA,NA,NA,NA,NA,NA,NA,NA,NA,NA,NA,NA,NA
"2015-02-21","2016-04-23","SKU_167",0.00014,0.00028,0.00112,0.0072,0.00378,0.00148,0.00254,0.00246,0.00322,0.00288,0.00306,0.00134,0.00264,0.01096,0.00768,0.02054,0.02604,0.0217,0.00968,0.01914,0.02638,0.03082,0.01512,0.03636,0.01982,0.03456,0.03026,0.03294,0.01542,0.02008,0.01502,0.018,0.0296,0.05192,0.02158,0.0334,0.02602,0.02576,0.01716,0.00698,0.01634,0.01514,0.02132,0.0301,0.01436,0.01526,0.01968,0.01436,0.02178,0.02518,0.01336,0.01724,0.02124,0.0103,0.01374,0.00994,0.01668,0.02512,0.012,0.01126,0.00046,0,NA,NA,NA,NA,NA,NA,NA,NA,NA,NA,NA,NA,NA,NA,NA,NA,NA,NA,NA,NA,NA,NA,NA,NA,NA,NA,NA,NA,NA,NA,NA,NA,NA,NA,NA,NA,NA,NA,NA,NA,NA,NA,NA,NA,NA,NA,NA,NA,NA,NA,NA,NA,NA,NA,NA,NA
"2014-09-13","2015-06-06","SKU_168",6e-04,0.011,0.0064,0.0094,0.018,0.0248,0.0244,0.0248,0.0314,0.0354,0.0338,0.0722,0.032,0.0318,0.017,0.0206,0.0348,0.037,0.0272,0.0372,0.0492,0.0262,0.025,0.0402,0.0404,0.0228,0.0432,0.0528,0.0158,0.034,0.0272,0.0278,0.0192,0.0086,0.0054,0.026,0.006,0,0,NA,NA,NA,NA,NA,NA,NA,NA,NA,NA,NA,NA,NA,NA,NA,NA,NA,NA,NA,NA,NA,NA,NA,NA,NA,NA,NA,NA,NA,NA,NA,NA,NA,NA,NA,NA,NA,NA,NA,NA,NA,NA,NA,NA,NA,NA,NA,NA,NA,NA,NA,NA,NA,NA,NA,NA,NA,NA,NA,NA,NA,NA,NA,NA,NA,NA,NA,NA,NA,NA,NA,NA,NA,NA,NA,NA,NA,NA,NA
"2014-07-05","2015-09-05","SKU_169",0.00035,0.00225,0.00575,0.00995,0.0045,0.00335,0.0061,0.00315,0.00315,0.00395,0.00375,0.00535,0.00485,0.0038,0.0053,0.00895,0.00565,0.00395,0.00665,0.00625,0.00265,0.01165,0.0237,0.0982,0.1219,0.02865,0.0243,0.0111,0.04635,0.05065,0.0222,0.0517,0.0345,0.0295,0.03775,0.02405,0.023,0.02895,0.02435,0.03635,0.03225,0.0268,0.04965,0.00595,0.01265,0.02135,0.0065,0.00295,0.00295,0,0,0,0,0,0,6e-04,0.00055,0.0019,0.01835,-0.01575,0.0046,2e-04,NA,NA,NA,NA,NA,NA,NA,NA,NA,NA,NA,NA,NA,NA,NA,NA,NA,NA,NA,NA,NA,NA,NA,NA,NA,NA,NA,NA,NA,NA,NA,NA,NA,NA,NA,NA,NA,NA,NA,NA,NA,NA,NA,NA,NA,NA,NA,NA,NA,NA,NA,NA,NA,NA,NA,NA
"2013-09-07","2014-09-27","SKU_17",0.00115,0.0037,0.011,0.01075,0.01005,0.01005,0.0086,0.0093,0.01875,0.01565,0.0144,0.0086,0.00925,0.01215,0.01185,0.0065,0.007,0.01335,0.0131,0.03655,0.02205,0.02555,0.011,0.0181,0.02655,0.0156,0.01595,0.02055,0.02375,0.0219,0.0382,0.0122,0.0367,0.03335,0.0302,0.0273,0.01645,0.02135,0.0277,0.02515,0.03465,0.0273,0.0242,0.0171,0.0257,0.02695,0.03175,0.01275,0.02145,0.00815,0.01235,0.016,0.0176,0.01335,0.00915,3e-04,NA,NA,NA,NA,NA,NA,NA,NA,NA,NA,NA,NA,NA,NA,NA,NA,NA,NA,NA,NA,NA,NA,NA,NA,NA,NA,NA,NA,NA,NA,NA,NA,NA,NA,NA,NA,NA,NA,NA,NA,NA,NA,NA,NA,NA,NA,NA,NA,NA,NA,NA,NA,NA,NA,NA,NA,NA,NA,NA,NA,NA,NA
"2013-11-09","2016-02-06","SKU_170",0.0013,0.00442,0.00404,0.00762,0.00752,0.0078,0.00584,0.0078,0.01566,0.02592,0.0295,0.02964,0.0262,0.0167,0.01884,0.01928,0.02674,0.02418,0.02902,0.04386,0.03228,0.04244,0.04388,0.03954,0.03378,0.0328,0.02194,0.02904,0.01374,0.02022,0.01652,0.03444,0.0224,0.01516,0.02134,0.01932,0.0146,0.02668,0.01358,0.01556,0.01286,0.01294,0.01128,0.01148,0.03792,0.028,0.01134,0.0056,0.0027,0.0027,0,0,0,0,0,0,0,0,0,0,0,0,0,0,0,0,0,0,0,0,0,0,0,1e-04,8e-05,0.00028,3e-04,0.00014,0.00012,0.00028,2e-04,0.00038,0.00012,0,0,0,0,0,0,0,0,0,0,0,0,0,0,0,0,0,0,0,0,0,0,0,0,0,0,0,0,0,0,0,0,0,0,0
"2013-10-26","2014-07-26","SKU_18",0.002,0.0075,0.0125,0.0335,0.007,0.017,0.0325,0.021,0.0095,0.023,0.0305,0.0505,0.029,0.037,0.015,0.0165,0.0185,0.0175,0.0155,0.008,0.022,0.0245,0.0245,0.03,0.023,0.055,0.0135,0.0185,0.0235,0.022,0.027,0.0355,0.0295,0.039,0.036,0.0365,0.0385,0.0445,0.0525,0,NA,NA,NA,NA,NA,NA,NA,NA,NA,NA,NA,NA,NA,NA,NA,NA,NA,NA,NA,NA,NA,NA,NA,NA,NA,NA,NA,NA,NA,NA,NA,NA,NA,NA,NA,NA,NA,NA,NA,NA,NA,NA,NA,NA,NA,NA,NA,NA,NA,NA,NA,NA,NA,NA,NA,NA,NA,NA,NA,NA,NA,NA,NA,NA,NA,NA,NA,NA,NA,NA,NA,NA,NA,NA,NA,NA,NA,NA
"2013-08-17","2014-12-06","SKU_19",1e-04,0,0,2e-04,0.0067,0.0056,0.0039,0.0066,0.0048,0.0054,0.0072,0.0106,0.0093,0.0174,0.0059,0.0307,0.0206,0.0342,0.0455,0.0265,0.0143,0.0364,0.0204,0.02,0.0323,0.0328,0.023,0.0281,0.0276,0.04,0.0294,0.0303,0.0349,0.0184,0.0251,0.0447,0.0419,0.0278,0.0445,0.0241,0.02,0.023,0.0339,0.0301,0.0281,0.0136,0.0065,0.0065,0,0,0,0,0,0,0,0,0,0,0,0,0,0,1e-04,0,0,1e-04,1e-04,9e-04,0,NA,NA,NA,NA,NA,NA,NA,NA,NA,NA,NA,NA,NA,NA,NA,NA,NA,NA,NA,NA,NA,NA,NA,NA,NA,NA,NA,NA,NA,NA,NA,NA,NA,NA,NA,NA,NA,NA,NA,NA,NA,NA,NA,NA,NA,NA,NA,NA,NA
"2013-06-08","2014-01-25","SKU_2",0.0105,0.0165,0.0145,0.0175,0.04,0.0395,0.0365,0.0225,0.038,0.0245,0.032,0.016,0.0285,0.029,0.0315,0.033,0.0195,0.002,0.0025,0.0095,0.009,0.032,0.0255,0.0485,0.093,0.038,0.0275,0.0195,0.0045,0.0145,0.0345,0.0465,0.0625,0.081,NA,NA,NA,NA,NA,NA,NA,NA,NA,NA,NA,NA,NA,NA,NA,NA,NA,NA,NA,NA,NA,NA,NA,NA,NA,NA,NA,NA,NA,NA,NA,NA,NA,NA,NA,NA,NA,NA,NA,NA,NA,NA,NA,NA,NA,NA,NA,NA,NA,NA,NA,NA,NA,NA,NA,NA,NA,NA,NA,NA,NA,NA,NA,NA,NA,NA,NA,NA,NA,NA,NA,NA,NA,NA,NA,NA,NA,NA,NA,NA,NA,NA,NA,NA
"2013-10-26","2014-07-05","SKU_20",0.00156,0.0054,0.01194,0.01462,0.00764,0.01458,0.01338,0.02466,0.00884,0.01476,0.01596,0.02748,0.03544,0.04306,0.0373,0.04494,0.029,0.03088,0.03348,0.03822,0.04044,0.03996,0.03334,0.03558,0.03984,0.0486,0.03748,0.03074,0.04694,0.04238,0.03674,0.03256,0.0383,0.04062,0.00332,0,0,NA,NA,NA,NA,NA,NA,NA,NA,NA,NA,NA,NA,NA,NA,NA,NA,NA,NA,NA,NA,NA,NA,NA,NA,NA,NA,NA,NA,NA,NA,NA,NA,NA,NA,NA,NA,NA,NA,NA,NA,NA,NA,NA,NA,NA,NA,NA,NA,NA,NA,NA,NA,NA,NA,NA,NA,NA,NA,NA,NA,NA,NA,NA,NA,NA,NA,NA,NA,NA,NA,NA,NA,NA,NA,NA,NA,NA,NA,NA,NA,NA
"2013-09-14","2014-07-19","SKU_21",0.00024,0.00124,0.00252,0.00242,0.00258,0.00288,0.00596,0.01706,0.013,0.0206,0.0113,0.01652,0.0273,0.01478,0.00818,0.00788,0.01924,0.02576,0.02376,0.02504,0.02232,0.05632,0.0372,0.0386,0.03046,0.03086,0.03662,0.03354,0.0394,0.03236,0.0319,0.04008,0.0335,0.04332,0.04094,0.03116,0.02864,0.04336,0.04028,0.02392,0.02412,0.01176,0.00104,0,0,NA,NA,NA,NA,NA,NA,NA,NA,NA,NA,NA,NA,NA,NA,NA,NA,NA,NA,NA,NA,NA,NA,NA,NA,NA,NA,NA,NA,NA,NA,NA,NA,NA,NA,NA,NA,NA,NA,NA,NA,NA,NA,NA,NA,NA,NA,NA,NA,NA,NA,NA,NA,NA,NA,NA,NA,NA,NA,NA,NA,NA,NA,NA,NA,NA,NA,NA,NA,NA,NA,NA,NA,NA
"2014-05-31","2014-10-25","SKU_22",0.0125,0.053,0.083,0.086,0.0685,0.1365,0.198,0.1825,0.16,0.0115,0.005,0.0015,0.0015,0,0,5e-04,0,0,0,0,0,0,NA,NA,NA,NA,NA,NA,NA,NA,NA,NA,NA,NA,NA,NA,NA,NA,NA,NA,NA,NA,NA,NA,NA,NA,NA,NA,NA,NA,NA,NA,NA,NA,NA,NA,NA,NA,NA,NA,NA,NA,NA,NA,NA,NA,NA,NA,NA,NA,NA,NA,NA,NA,NA,NA,NA,NA,NA,NA,NA,NA,NA,NA,NA,NA,NA,NA,NA,NA,NA,NA,NA,NA,NA,NA,NA,NA,NA,NA,NA,NA,NA,NA,NA,NA,NA,NA,NA,NA,NA,NA,NA,NA,NA,NA,NA,NA
"2013-10-26","2014-07-19","SKU_23",0.0016,0.0056,0.0072,0.017,0.0071,0.0074,0.01,0.013,0.0052,0.009,0.0161,0.0228,0.0132,0.0305,0.0202,0.0269,0.0249,0.0254,0.0485,0.0188,0.0226,0.0688,0.0405,0.0592,0.0486,0.0709,0.0269,0.0419,0.0409,0.0611,0.0227,0.0356,0.0246,0.0352,0.0529,0.0147,0.0026,0,0,NA,NA,NA,NA,NA,NA,NA,NA,NA,NA,NA,NA,NA,NA,NA,NA,NA,NA,NA,NA,NA,NA,NA,NA,NA,NA,NA,NA,NA,NA,NA,NA,NA,NA,NA,NA,NA,NA,NA,NA,NA,NA,NA,NA,NA,NA,NA,NA,NA,NA,NA,NA,NA,NA,NA,NA,NA,NA,NA,NA,NA,NA,NA,NA,NA,NA,NA,NA,NA,NA,NA,NA,NA,NA,NA,NA,NA,NA,NA
"2013-09-21","2014-08-02","SKU_24",5e-04,0.0015,0.001,0.001,0.0055,0.0055,0.01,0.019,0.0405,0.0115,0.019,0.016,0.01,0.008,0.006,0.01,0.015,0.011,0.02,0.0255,0.0375,0.034,0.027,0.026,0.0255,0.0245,0.0255,0.0395,0.064,0.031,0.045,0.0515,0.043,0.0465,0.0395,0.036,0.044,0.024,0.021,0.0185,0.009,0.0165,0.0085,0.0145,0.0095,0,NA,NA,NA,NA,NA,NA,NA,NA,NA,NA,NA,NA,NA,NA,NA,NA,NA,NA,NA,NA,NA,NA,NA,NA,NA,NA,NA,NA,NA,NA,NA,NA,NA,NA,NA,NA,NA,NA,NA,NA,NA,NA,NA,NA,NA,NA,NA,NA,NA,NA,NA,NA,NA,NA,NA,NA,NA,NA,NA,NA,NA,NA,NA,NA,NA,NA,NA,NA,NA,NA,NA,NA
"2013-09-07","2014-08-02","SKU_25",0.0031,0.008,0.0107,0.0067,0.0077,0.0117,0.009,0.0085,0.0124,0.0139,0.016,0.0134,0.0172,0.0249,0.0231,0.0132,0.0103,0.0192,0.0278,0.0287,0.0249,0.0352,0.0313,0.0265,0.0272,0.0254,0.0281,0.0293,0.0299,0.0295,0.0284,0.0284,0.034,0.0318,0.0379,0.0574,0.027,0.0205,0.0308,0.029,0.0264,0.0302,0.0181,0.0087,0.0176,0.001,0,0,NA,NA,NA,NA,NA,NA,NA,NA,NA,NA,NA,NA,NA,NA,NA,NA,NA,NA,NA,NA,NA,NA,NA,NA,NA,NA,NA,NA,NA,NA,NA,NA,NA,NA,NA,NA,NA,NA,NA,NA,NA,NA,NA,NA,NA,NA,NA,NA,NA,NA,NA,NA,NA,NA,NA,NA,NA,NA,NA,NA,NA,NA,NA,NA,NA,NA,NA,NA,NA,NA
"2013-04-20","2013-10-26","SKU_26",0.00038,0.0215,0.00798,0.01678,0.03154,0.01952,0.07136,0.03918,0.03752,0.08604,0.02972,0.14364,0.0464,0.06084,0.03936,0.085,0.0532,0.02726,0.03146,0.0308,0.02638,0.04406,0.01614,0.0113,0.01144,0.01044,0.00076,0,NA,NA,NA,NA,NA,NA,NA,NA,NA,NA,NA,NA,NA,NA,NA,NA,NA,NA,NA,NA,NA,NA,NA,NA,NA,NA,NA,NA,NA,NA,NA,NA,NA,NA,NA,NA,NA,NA,NA,NA,NA,NA,NA,NA,NA,NA,NA,NA,NA,NA,NA,NA,NA,NA,NA,NA,NA,NA,NA,NA,NA,NA,NA,NA,NA,NA,NA,NA,NA,NA,NA,NA,NA,NA,NA,NA,NA,NA,NA,NA,NA,NA,NA,NA,NA,NA,NA,NA,NA,NA
"2013-09-07","2014-08-23","SKU_27",9e-04,0.0063,0.00885,0.00845,0.0163,0.0127,0.012,0.01575,0.0234,0.01715,0.0121,0.01445,0.02335,0.0248,0.0181,0.00995,0.0106,0.0159,0.0182,0.0205,0.0189,0.01815,0.0253,0.02075,0.02295,0.0174,0.02585,0.02305,0.03125,0.0326,0.0284,0.0254,0.02805,0.02805,0.0293,0.0194,0.02035,0.03255,0.0209,0.02635,0.0243,0.05855,0.024,0.01215,0.0127,0.0267,0.0173,0.01525,0.0107,0.0105,0.00325,NA,NA,NA,NA,NA,NA,NA,NA,NA,NA,NA,NA,NA,NA,NA,NA,NA,NA,NA,NA,NA,NA,NA,NA,NA,NA,NA,NA,NA,NA,NA,NA,NA,NA,NA,NA,NA,NA,NA,NA,NA,NA,NA,NA,NA,NA,NA,NA,NA,NA,NA,NA,NA,NA,NA,NA,NA,NA,NA,NA,NA,NA,NA,NA,NA,NA,NA
"2013-09-07","2014-08-02","SKU_28",0.0012,0.0048,0.0109,0.0141,0.0104,0.0094,0.0117,0.0162,0.0128,0.0098,0.0185,0.0066,0.0478,0.0148,0.0431,0.0112,0.011,0.0308,0.0138,0.0138,0.0196,0.0307,0.0272,0.0173,0.0223,0.0447,0.0363,0.0247,0.0286,0.0328,0.0275,0.0338,0.0303,0.0376,0.0219,0.0342,0.0394,0.0252,0.0472,0.0302,0.0199,0.0239,0.0317,0,0,0,0,0,NA,NA,NA,NA,NA,NA,NA,NA,NA,NA,NA,NA,NA,NA,NA,NA,NA,NA,NA,NA,NA,NA,NA,NA,NA,NA,NA,NA,NA,NA,NA,NA,NA,NA,NA,NA,NA,NA,NA,NA,NA,NA,NA,NA,NA,NA,NA,NA,NA,NA,NA,NA,NA,NA,NA,NA,NA,NA,NA,NA,NA,NA,NA,NA,NA,NA,NA,NA,NA,NA
"2013-04-20","2013-10-05","SKU_29",2e-04,0.0092,0.0094,0.0097,0.0476,0.0065,0.0404,0.0341,0.057,0.1031,0.0128,0.0222,0.1177,0.1125,0.0775,0.0242,0.0287,0.0754,0.054,0.0238,0.0795,0.022,0.0323,0,0,NA,NA,NA,NA,NA,NA,NA,NA,NA,NA,NA,NA,NA,NA,NA,NA,NA,NA,NA,NA,NA,NA,NA,NA,NA,NA,NA,NA,NA,NA,NA,NA,NA,NA,NA,NA,NA,NA,NA,NA,NA,NA,NA,NA,NA,NA,NA,NA,NA,NA,NA,NA,NA,NA,NA,NA,NA,NA,NA,NA,NA,NA,NA,NA,NA,NA,NA,NA,NA,NA,NA,NA,NA,NA,NA,NA,NA,NA,NA,NA,NA,NA,NA,NA,NA,NA,NA,NA,NA,NA,NA,NA,NA
"2013-11-09","2014-11-08","SKU_3",0.00024,0.00216,0.00436,0.00324,0.01078,0.007,0.00698,0.0063,0.01258,0.01406,0.0225,0.02512,0.01894,0.01728,0.01912,0.02052,0.02042,0.02842,0.0261,0.03,0.05424,0.0461,0.0443,0.03072,0.02482,0.03444,0.01948,0.02448,0.01026,0.01692,0.02288,0.0279,0.01928,0.02228,0.02162,0.0228,0.02132,0.01216,0.01068,0.023,0.02736,0.01818,0.01912,0.01294,0.0312,0.02122,0.0174,0.03062,0.02658,-0.00218,-0.00648,-0.00188,0.00018,NA,NA,NA,NA,NA,NA,NA,NA,NA,NA,NA,NA,NA,NA,NA,NA,NA,NA,NA,NA,NA,NA,NA,NA,NA,NA,NA,NA,NA,NA,NA,NA,NA,NA,NA,NA,NA,NA,NA,NA,NA,NA,NA,NA,NA,NA,NA,NA,NA,NA,NA,NA,NA,NA,NA,NA,NA,NA,NA,NA,NA,NA,NA,NA,NA
"2013-06-08","2014-11-29","SKU_30",0.00055,0.0036,0.00505,0.00245,0.0049,0.0054,0.0204,0.0045,0.00405,0.00425,0.0054,0.00545,0.0068,0.00645,0.0071,0.00805,0.0075,0.01205,0.01275,0.0141,0.01055,0.0162,0.01625,0.01645,0.0094,0.01655,0.0187,0.029,0.01235,0.01365,0.0152,0.02155,0.01715,0.0158,0.01525,0.0195,0.01695,0.0203,0.01745,0.01745,0.0175,0.02005,0.0203,0.02425,0.02695,0.0215,0.0325,0.02225,0.019,0.01785,0.01865,0.0243,0.01625,0.0216,0.0248,0.01465,0.01565,0.0141,0.02015,0.0215,0.0128,0.0198,0.0107,0.01465,0.01095,0.0122,0.01315,0.01025,0.00285,1e-04,6e-04,0.00025,0.00025,0.001,0,0,0,0,NA,NA,NA,NA,NA,NA,NA,NA,NA,NA,NA,NA,NA,NA,NA,NA,NA,NA,NA,NA,NA,NA,NA,NA,NA,NA,NA,NA,NA,NA,NA,NA,NA,NA,NA,NA,NA,NA,NA,NA
"2013-09-21","2014-07-26","SKU_31",0.0014,7e-04,0.0029,0.00565,0.0031,0.01175,0.00905,0.0176,0.01605,0.01045,0.01535,0.0219,0.02945,0.01055,0.0124,0.02205,0.026,0.02085,0.03695,0.0295,0.02745,0.02095,0.0531,0.0289,0.0298,0.03805,0.02765,0.0496,0.03135,0.04225,0.0255,0.0306,0.02485,0.0385,0.0313,0.03505,0.02775,0.02435,0.01965,0.0238,0.06125,0.00475,0,0,0,NA,NA,NA,NA,NA,NA,NA,NA,NA,NA,NA,NA,NA,NA,NA,NA,NA,NA,NA,NA,NA,NA,NA,NA,NA,NA,NA,NA,NA,NA,NA,NA,NA,NA,NA,NA,NA,NA,NA,NA,NA,NA,NA,NA,NA,NA,NA,NA,NA,NA,NA,NA,NA,NA,NA,NA,NA,NA,NA,NA,NA,NA,NA,NA,NA,NA,NA,NA,NA,NA,NA,NA,NA
"2013-06-08","2014-07-26","SKU_32",0.00185,0.0103,0.0129,0.0098,0.0136,0.0139,0.01015,0.01135,0.0138,0.01755,0.0177,0.018,0.01725,0.016,0.01605,0.0199,0.0195,0.0181,0.01695,0.01695,0.01595,0.01315,0.0237,0.01225,0.00935,0.01965,0.01365,0.0201,0.0084,0.01575,0.01445,0.01505,0.01695,0.0328,0.01725,0.0272,0.0128,0.01755,0.0209,0.0238,0.0194,0.02265,0.0226,0.0196,0.02065,0.02675,0.02495,0.0192,0.03695,0.03595,0.02145,0.02855,0.0123,0.0163,0.0141,0.01595,2e-04,0,0,0,NA,NA,NA,NA,NA,NA,NA,NA,NA,NA,NA,NA,NA,NA,NA,NA,NA,NA,NA,NA,NA,NA,NA,NA,NA,NA,NA,NA,NA,NA,NA,NA,NA,NA,NA,NA,NA,NA,NA,NA,NA,NA,NA,NA,NA,NA,NA,NA,NA,NA,NA,NA,NA,NA,NA,NA,NA,NA
"2013-09-07","2014-08-23","SKU_33",0.00175,0.0101,0.0116,0.01275,0.01915,0.01685,0.0154,0.01815,0.0195,0.01795,0.0172,0.0151,0.0143,0.0182,0.01815,0.0075,0.00895,0.01745,0.02175,0.01755,0.01695,0.0127,0.0179,0.0188,0.0263,0.0214,0.01985,0.0328,0.02515,0.02875,0.02725,0.0308,0.0333,0.02995,0.0266,0.03575,0.0357,0.02785,0.0243,0.0203,0.0229,0.03025,0.01915,0.0215,0.0218,0.01735,0.0099,0.01545,0.01705,0.01265,0,NA,NA,NA,NA,NA,NA,NA,NA,NA,NA,NA,NA,NA,NA,NA,NA,NA,NA,NA,NA,NA,NA,NA,NA,NA,NA,NA,NA,NA,NA,NA,NA,NA,NA,NA,NA,NA,NA,NA,NA,NA,NA,NA,NA,NA,NA,NA,NA,NA,NA,NA,NA,NA,NA,NA,NA,NA,NA,NA,NA,NA,NA,NA,NA,NA,NA,NA
"2013-09-07","2014-09-20","SKU_34",0.0019,0.00474,0.00864,0.01046,0.01402,0.01414,0.01236,0.011,0.0155,0.01448,0.01516,0.01164,0.01748,0.0157,0.02036,0.00788,0.00992,0.01652,0.02076,0.0218,0.02438,0.01956,0.02068,0.02438,0.03296,0.02604,0.02808,0.02658,0.03056,0.02846,0.03476,0.02794,0.03294,0.028,0.02184,0.03556,0.03124,0.02868,0.0254,0.02318,0.02408,0.02396,0.04248,0.02168,0.01366,0.01444,0.00902,0.00978,0.01024,0.00958,0.00206,0.00142,0.00166,0.00024,0,NA,NA,NA,NA,NA,NA,NA,NA,NA,NA,NA,NA,NA,NA,NA,NA,NA,NA,NA,NA,NA,NA,NA,NA,NA,NA,NA,NA,NA,NA,NA,NA,NA,NA,NA,NA,NA,NA,NA,NA,NA,NA,NA,NA,NA,NA,NA,NA,NA,NA,NA,NA,NA,NA,NA,NA,NA,NA,NA,NA,NA,NA,NA
"2015-02-21","2016-05-21","SKU_35",8e-04,0.0024,0.0024,0.0022,0.0058,0.0034,0.0053,0.0056,0.00385,0.00365,0.00435,0.01795,0.0165,0.01415,0.01535,0.0917,0.015,0.0545,0.03325,0.0146,0.0167,0.01735,0.0172,0.0184,0.0111,0.05335,0.0114,0.0221,0.01065,0.0157,0.026,0.01435,0.01715,0.0165,0.00835,0.01645,0.01255,0.0141,0.02185,0.0142,0.01455,0.02375,0.03055,0.0085,0.00365,0.0169,0.0157,0.00735,0.01575,0.01545,0.00965,0.0179,0.02535,0.0151,0.01155,0.0218,0.01115,0.0055,0.01095,0.00725,0.02045,0.02285,0,0,0,0,NA,NA,NA,NA,NA,NA,NA,NA,NA,NA,NA,NA,NA,NA,NA,NA,NA,NA,NA,NA,NA,NA,NA,NA,NA,NA,NA,NA,NA,NA,NA,NA,NA,NA,NA,NA,NA,NA,NA,NA,NA,NA,NA,NA,NA,NA,NA,NA,NA,NA,NA,NA
"2015-02-21","2016-04-23","SKU_36",0.00055,0.00375,0.00185,0.0117,0.0088,0.00795,0.00525,0.00505,0.0082,0.0162,0.01145,0.0076,0.019,0.0176,0.03425,0.02505,0.025,0.0157,0.0356,0.02215,0.03185,0.0336,0.0273,0.02715,0.0223,0.01945,0.0275,0.022,0.01825,0.0297,0.02735,0.0574,0.02215,0.0168,0.0241,0.03665,0.01805,0.017,0.0138,0.0117,0.0132,0.02385,0.01095,0.0066,0.0139,0.0103,0.0204,0.00545,0.01145,0.0122,0.0194,0.02085,0.01385,0.0148,0.016,0,0,0,0,0,0,0,NA,NA,NA,NA,NA,NA,NA,NA,NA,NA,NA,NA,NA,NA,NA,NA,NA,NA,NA,NA,NA,NA,NA,NA,NA,NA,NA,NA,NA,NA,NA,NA,NA,NA,NA,NA,NA,NA,NA,NA,NA,NA,NA,NA,NA,NA,NA,NA,NA,NA,NA,NA,NA,NA,NA,NA
"2013-12-07","2014-10-04","SKU_37",0.003,0.014,0.0085,0.01,0.011,0.0215,0.0125,0.0195,0.012,0.019,0.0155,0.0125,0.0145,0.012,0.01,0.0155,0.0235,0.028,0.0385,0.0185,0.012,0.027,0.028,0.035,0.029,0.044,0.0305,0.028,0.0385,0.034,0.0485,0.04,0.046,0.047,0.0445,0.0395,0.0485,0.056,0.0025,0,0,0,0,0,NA,NA,NA,NA,NA,NA,NA,NA,NA,NA,NA,NA,NA,NA,NA,NA,NA,NA,NA,NA,NA,NA,NA,NA,NA,NA,NA,NA,NA,NA,NA,NA,NA,NA,NA,NA,NA,NA,NA,NA,NA,NA,NA,NA,NA,NA,NA,NA,NA,NA,NA,NA,NA,NA,NA,NA,NA,NA,NA,NA,NA,NA,NA,NA,NA,NA,NA,NA,NA,NA,NA,NA,NA,NA
"2013-11-09","2014-07-26","SKU_38",0.0085,0.0125,0.0465,0.0155,0.0255,0.036,0.0165,0.028,0.038,0.033,0.0375,0.036,0.0265,0.0365,0.03,0.024,0.0345,0.0235,0.018,0.0255,0.03,0.036,0.027,0.035,0.027,0.0215,0.024,0.028,0.0375,0.025,0.0235,0.0245,0.0385,0.035,0.012,0.015,0.0085,0,NA,NA,NA,NA,NA,NA,NA,NA,NA,NA,NA,NA,NA,NA,NA,NA,NA,NA,NA,NA,NA,NA,NA,NA,NA,NA,NA,NA,NA,NA,NA,NA,NA,NA,NA,NA,NA,NA,NA,NA,NA,NA,NA,NA,NA,NA,NA,NA,NA,NA,NA,NA,NA,NA,NA,NA,NA,NA,NA,NA,NA,NA,NA,NA,NA,NA,NA,NA,NA,NA,NA,NA,NA,NA,NA,NA,NA,NA,NA,NA
"2013-09-28","2014-06-28","SKU_39",0.0135,0.015,0.003,0.0125,0.0235,0.0435,0.03,0.0435,0.033,0.076,0.0575,0.0305,0.018,0.014,0.025,0.025,0.0265,0.031,0.02,0.021,0.034,0.0255,0.023,0.0125,0.0145,0.0175,0.0265,0.0305,0.0205,0.0275,0.025,0.017,0.037,0.0125,0.018,0.023,0.022,0.0185,0.022,0.0115,NA,NA,NA,NA,NA,NA,NA,NA,NA,NA,NA,NA,NA,NA,NA,NA,NA,NA,NA,NA,NA,NA,NA,NA,NA,NA,NA,NA,NA,NA,NA,NA,NA,NA,NA,NA,NA,NA,NA,NA,NA,NA,NA,NA,NA,NA,NA,NA,NA,NA,NA,NA,NA,NA,NA,NA,NA,NA,NA,NA,NA,NA,NA,NA,NA,NA,NA,NA,NA,NA,NA,NA,NA,NA,NA,NA,NA,NA
"2013-06-08","2014-08-16","SKU_4",0.0015,0.013,0.0085,0.005,0.0145,0.0125,0.01,0.014,0.014,0.0145,0.0155,0.0225,0.0115,0.018,0.014,0.015,0.013,0.0155,0.011,0.013,0.0155,0.0255,0.0165,0.0275,0.0065,0.0235,0.0405,0.017,0.0075,0.015,0.014,0.0155,0.0125,0.018,0.011,0.013,0.023,0.0145,0.0165,0.0125,0.0155,0.0145,0.0115,0.018,0.022,0.0205,0.0275,0.0185,0.0195,0.021,0.01,0.0105,0.0195,0.021,0.022,0.015,0.0275,0.011,0.0245,0.023,0.024,0,0,NA,NA,NA,NA,NA,NA,NA,NA,NA,NA,NA,NA,NA,NA,NA,NA,NA,NA,NA,NA,NA,NA,NA,NA,NA,NA,NA,NA,NA,NA,NA,NA,NA,NA,NA,NA,NA,NA,NA,NA,NA,NA,NA,NA,NA,NA,NA,NA,NA,NA,NA,NA,NA,NA,NA
"2013-12-07","2014-07-19","SKU_40",0.0075,0.014,0.013,0.0175,0.019,0.014,0.023,0.024,0.026,0.034,0.0245,0.0145,0.018,0.0135,0.0195,0.0315,0.028,0.048,0.031,0.038,0.029,0.0355,0.078,0.065,0.071,0.06,0.0605,0.0665,0.0615,0.0155,0,0,0,NA,NA,NA,NA,NA,NA,NA,NA,NA,NA,NA,NA,NA,NA,NA,NA,NA,NA,NA,NA,NA,NA,NA,NA,NA,NA,NA,NA,NA,NA,NA,NA,NA,NA,NA,NA,NA,NA,NA,NA,NA,NA,NA,NA,NA,NA,NA,NA,NA,NA,NA,NA,NA,NA,NA,NA,NA,NA,NA,NA,NA,NA,NA,NA,NA,NA,NA,NA,NA,NA,NA,NA,NA,NA,NA,NA,NA,NA,NA,NA,NA,NA,NA,NA,NA
"2013-10-26","2014-10-25","SKU_41",5e-05,0.0055,0.008,0.009,0.0065,0.01205,0.01065,0.02275,0.01275,0.01305,0.01245,0.01065,0.0209,0.0193,0.02545,0.01475,0.01465,0.0302,0.01745,0.0214,0.02745,0.0297,0.0248,0.0363,0.03745,0.028,0.04475,0.0366,0.0243,0.02205,0.01855,0.03455,0.0214,0.0255,0.02275,0.01515,0.01705,0.0155,0.02055,0.0159,0.012,0.02715,0.0121,0.01795,0.00705,0.01225,0.01005,0.02955,0.01565,0.0153,0.0237,0.0114,0,NA,NA,NA,NA,NA,NA,NA,NA,NA,NA,NA,NA,NA,NA,NA,NA,NA,NA,NA,NA,NA,NA,NA,NA,NA,NA,NA,NA,NA,NA,NA,NA,NA,NA,NA,NA,NA,NA,NA,NA,NA,NA,NA,NA,NA,NA,NA,NA,NA,NA,NA,NA,NA,NA,NA,NA,NA,NA,NA,NA,NA,NA,NA,NA,NA
"2013-10-12","2014-05-31","SKU_42",0.012,0.0624,0.047,0.0362,0.0286,0.0398,0.057,0.0496,0.0426,0.0364,0.0158,0.0302,0.0184,0.026,0.0366,0.03,0.0218,0.0234,0.0298,0.0286,0.0262,0.0354,0.0424,0.039,0.0264,0.0368,0.0326,0.0398,0.026,0.0206,0.0026,0,0,0,NA,NA,NA,NA,NA,NA,NA,NA,NA,NA,NA,NA,NA,NA,NA,NA,NA,NA,NA,NA,NA,NA,NA,NA,NA,NA,NA,NA,NA,NA,NA,NA,NA,NA,NA,NA,NA,NA,NA,NA,NA,NA,NA,NA,NA,NA,NA,NA,NA,NA,NA,NA,NA,NA,NA,NA,NA,NA,NA,NA,NA,NA,NA,NA,NA,NA,NA,NA,NA,NA,NA,NA,NA,NA,NA,NA,NA,NA,NA,NA,NA,NA,NA,NA
"2015-02-21","2016-03-05","SKU_43",0.002,0.0028,2e-04,0.0044,0.0116,8e-04,0.0126,0.005,0.0048,0.0062,0.0028,0.0162,0.007,0.0142,0.0084,0.0234,0.0134,0.0258,0.0462,0.0236,0.1056,0.0336,0.0414,0.0346,0.0178,0.0148,0.0252,0.035,0.0266,0.0242,0.0096,0.0182,0.0184,0.0252,0.0166,0.0212,0.031,0.0276,0.0162,0.0126,0.015,0.0164,0.0364,0.005,0.018,0.0082,0.0112,0.0182,0.0258,0.0164,0.0106,0.0088,0.021,0.0026,0,NA,NA,NA,NA,NA,NA,NA,NA,NA,NA,NA,NA,NA,NA,NA,NA,NA,NA,NA,NA,NA,NA,NA,NA,NA,NA,NA,NA,NA,NA,NA,NA,NA,NA,NA,NA,NA,NA,NA,NA,NA,NA,NA,NA,NA,NA,NA,NA,NA,NA,NA,NA,NA,NA,NA,NA,NA,NA,NA,NA,NA,NA,NA
"2015-02-21","2016-04-02","SKU_44",3e-04,0.0017,0.0061,0.009,0.0123,0.0216,0.0047,0.0047,0.0049,0.011,0.0132,0.0118,0.0079,0.0167,0.0487,0.0184,0.0149,0.0219,0.0188,0.0312,0.0201,0.0218,0.0301,0.0158,0.0097,0.012,0.0223,0.0157,0.0251,0.0215,0.0205,0.0322,0.0549,0.0187,0.0233,0.0093,0.0193,0.0142,0.0102,0.011,0.0214,0.0243,0.0198,0.01,0.0075,0.0338,0.0214,0.0253,0.0115,0.0142,0.0249,0.0082,0.0277,0.0184,0.0128,0.0184,0.0066,0.0064,0,NA,NA,NA,NA,NA,NA,NA,NA,NA,NA,NA,NA,NA,NA,NA,NA,NA,NA,NA,NA,NA,NA,NA,NA,NA,NA,NA,NA,NA,NA,NA,NA,NA,NA,NA,NA,NA,NA,NA,NA,NA,NA,NA,NA,NA,NA,NA,NA,NA,NA,NA,NA,NA,NA,NA,NA,NA,NA,NA
"2013-11-02","2015-11-28","SKU_45",0.001,0.004,0.013,0.007,0.0095,0.013,0.0045,0.002,0.003,0.011,0.0115,0.011,0.0125,0.024,0.0145,0.0245,0.016,0.02,0.019,0.0345,0.029,0.027,0.0365,0.0405,0.0445,0.032,0.014,0.024,0.02,0.0235,0.038,0.0195,0.025,0.0175,0.0115,0.0205,0.0175,0.0105,0.029,0.0175,0.0175,0.011,0.013,0.018,0.05,0.0135,0.0175,0.0145,0.013,0.0135,0.02,0.005,0.005,0,0,0,0,0,0,0,0,0,0,0,0,0,0,0,0,0,0,0,0,0,0.001,0.0025,0.001,0.001,0.001,0.001,5e-04,5e-04,0.001,0,0,0,0,0,0,0,0,0,0,0,0,0,0,0,0,0,0,0,0,5e-04,0.0175,0.0065,0,0,0,NA,NA,NA,NA,NA,NA,NA,NA,NA
"2014-09-13","2015-09-12","SKU_46",0.003,0.0242,0.0176,0.028,0.008,0.0208,0.053,0.041,0.0288,0.0442,0.0234,0.0296,0.0368,0.042,0.0132,0.0276,0.0306,0.0272,0.0552,0.0318,0.0206,0.0246,0.0236,0.018,0.014,0.0232,0.0264,0.0244,0.0268,0.0224,0.0366,0.0476,0.0512,0.0264,0.0072,0.0032,0.0032,0,0,0,0,0,0,0,0,0.0014,0,0.0016,0.0038,0.002,0.0038,0.0022,2e-04,NA,NA,NA,NA,NA,NA,NA,NA,NA,NA,NA,NA,NA,NA,NA,NA,NA,NA,NA,NA,NA,NA,NA,NA,NA,NA,NA,NA,NA,NA,NA,NA,NA,NA,NA,NA,NA,NA,NA,NA,NA,NA,NA,NA,NA,NA,NA,NA,NA,NA,NA,NA,NA,NA,NA,NA,NA,NA,NA,NA,NA,NA,NA,NA,NA
"2013-11-02","2014-01-25","SKU_47",0.00405,0.01195,0.08045,0.0547,0.2182,0.0608,0.0642,0.02555,0.0253,0.05975,0.063,0.11325,0.2188,NA,NA,NA,NA,NA,NA,NA,NA,NA,NA,NA,NA,NA,NA,NA,NA,NA,NA,NA,NA,NA,NA,NA,NA,NA,NA,NA,NA,NA,NA,NA,NA,NA,NA,NA,NA,NA,NA,NA,NA,NA,NA,NA,NA,NA,NA,NA,NA,NA,NA,NA,NA,NA,NA,NA,NA,NA,NA,NA,NA,NA,NA,NA,NA,NA,NA,NA,NA,NA,NA,NA,NA,NA,NA,NA,NA,NA,NA,NA,NA,NA,NA,NA,NA,NA,NA,NA,NA,NA,NA,NA,NA,NA,NA,NA,NA,NA,NA,NA,NA,NA,NA,NA,NA,NA
"2015-02-21","2016-05-28","SKU_48",8e-04,0.0026,8e-04,0.0092,0.024,0.006,0.003,2e-04,0.006,0.0046,0.0016,0.0086,0.007,0.0094,0.0254,0.0392,0.0128,0.0448,0.034,0.0268,0.0376,0.0174,0.0174,0.015,0.0174,0.0202,0.0268,0.0294,0.0092,0.0144,0.037,0.012,0.028,0.0158,0.0778,0.0332,0.0068,0.0124,0.0148,0.0062,0.0078,0.0164,0.015,0.0036,0.0142,0.0158,0.0106,0.0098,0.0188,0.0068,0.009,0.009,0.015,0.007,0.0258,0.0048,0.0054,0.0092,0.0114,0.004,0.018,0.0236,0.0082,0.0108,0.0044,0,0,NA,NA,NA,NA,NA,NA,NA,NA,NA,NA,NA,NA,NA,NA,NA,NA,NA,NA,NA,NA,NA,NA,NA,NA,NA,NA,NA,NA,NA,NA,NA,NA,NA,NA,NA,NA,NA,NA,NA,NA,NA,NA,NA,NA,NA,NA,NA,NA,NA,NA,NA
"2014-02-01","2014-05-03","SKU_49",0.0066,0.0488,0.1052,0.0714,0.078,0.0518,0.0734,0.072,0.1029,0.1365,0.1079,0.0691,0.0674,0.009,NA,NA,NA,NA,NA,NA,NA,NA,NA,NA,NA,NA,NA,NA,NA,NA,NA,NA,NA,NA,NA,NA,NA,NA,NA,NA,NA,NA,NA,NA,NA,NA,NA,NA,NA,NA,NA,NA,NA,NA,NA,NA,NA,NA,NA,NA,NA,NA,NA,NA,NA,NA,NA,NA,NA,NA,NA,NA,NA,NA,NA,NA,NA,NA,NA,NA,NA,NA,NA,NA,NA,NA,NA,NA,NA,NA,NA,NA,NA,NA,NA,NA,NA,NA,NA,NA,NA,NA,NA,NA,NA,NA,NA,NA,NA,NA,NA,NA,NA,NA,NA,NA,NA,NA
"2013-11-09","2014-10-04","SKU_5",0.00048,0.00286,0.00458,0.00762,0.00678,0.00712,0.00558,0.00438,0.0066,0.01442,0.0127,0.01784,0.02138,0.0142,0.01636,0.01502,0.02434,0.0337,0.03248,0.03266,0.03886,0.04002,0.03722,0.03486,0.03196,0.02948,0.0343,0.03136,0.02606,0.03424,0.03128,0.03218,0.0339,0.03544,0.0353,0.02356,0.02354,0.0298,0.01336,0.02922,0.01452,0.01908,0.01204,0.02016,0.01566,0.01148,0,0,NA,NA,NA,NA,NA,NA,NA,NA,NA,NA,NA,NA,NA,NA,NA,NA,NA,NA,NA,NA,NA,NA,NA,NA,NA,NA,NA,NA,NA,NA,NA,NA,NA,NA,NA,NA,NA,NA,NA,NA,NA,NA,NA,NA,NA,NA,NA,NA,NA,NA,NA,NA,NA,NA,NA,NA,NA,NA,NA,NA,NA,NA,NA,NA,NA,NA,NA,NA,NA,NA
"2015-02-21","2016-04-09","SKU_50",0.0015,0.0105,0.009,0.0155,0.033,0.0105,0.0095,0.021,0.0085,0.009,0.01,0.0225,0.011,0.022,0.0095,0.0195,0.065,0.019,0.008,0.0275,0.0265,0.015,0.0205,0.018,0.025,0.0265,0.0195,0.03,0.021,0.0195,0.0265,0.023,0.0225,0.033,0.007,0.0315,0.0085,0.02,0.025,0.0125,0.0095,0.0095,0.016,0.02,0.006,0.024,0.0065,0.007,0.007,0.004,0.009,0.0105,0.008,0.009,0.022,0.017,0.019,0.0235,0,0,NA,NA,NA,NA,NA,NA,NA,NA,NA,NA,NA,NA,NA,NA,NA,NA,NA,NA,NA,NA,NA,NA,NA,NA,NA,NA,NA,NA,NA,NA,NA,NA,NA,NA,NA,NA,NA,NA,NA,NA,NA,NA,NA,NA,NA,NA,NA,NA,NA,NA,NA,NA,NA,NA,NA,NA,NA,NA
"2013-11-02","2014-11-15","SKU_51",0.0022,0.0095,0.0078,0.0149,0.0109,0.0064,0.0054,0.0032,0.0038,0.0102,0.0053,0.0098,0.0116,0.0096,0.0193,0.0202,0.0344,0.0173,0.0305,0.0336,0.0393,0.0668,0.0408,0.0309,0.0183,0.0303,0.0417,0.0294,0.0125,0.0394,0.0181,0.0237,0.0197,0.0362,0.0184,0.0201,0.0123,0.0189,0.0172,0.013,0.0191,0.0077,0.0136,0.0091,0.0183,0.0251,0.0082,0.0165,0.0134,0.0112,0.009,0.036,0,0,0,NA,NA,NA,NA,NA,NA,NA,NA,NA,NA,NA,NA,NA,NA,NA,NA,NA,NA,NA,NA,NA,NA,NA,NA,NA,NA,NA,NA,NA,NA,NA,NA,NA,NA,NA,NA,NA,NA,NA,NA,NA,NA,NA,NA,NA,NA,NA,NA,NA,NA,NA,NA,NA,NA,NA,NA,NA,NA,NA,NA,NA,NA,NA
"2014-01-18","2014-09-20","SKU_52",2e-04,0,0.0016,0.0102,0.0172,0.0156,0.0322,0.0448,0.0202,0.0266,0.0294,0.0654,0.0298,0.0226,0.0446,0.0636,0.0324,0.049,0.0808,0.0158,0.029,0.0278,0.0374,0.013,0.0186,0.0232,0.0274,0.0544,0.0686,0.0104,0.0462,0.0236,0.0182,0,0,0,NA,NA,NA,NA,NA,NA,NA,NA,NA,NA,NA,NA,NA,NA,NA,NA,NA,NA,NA,NA,NA,NA,NA,NA,NA,NA,NA,NA,NA,NA,NA,NA,NA,NA,NA,NA,NA,NA,NA,NA,NA,NA,NA,NA,NA,NA,NA,NA,NA,NA,NA,NA,NA,NA,NA,NA,NA,NA,NA,NA,NA,NA,NA,NA,NA,NA,NA,NA,NA,NA,NA,NA,NA,NA,NA,NA,NA,NA,NA,NA,NA,NA
"2014-01-11","2014-11-08","SKU_53",0.00045,0.0021,0.0107,0.013,0.00655,0.0206,0.0199,0.0226,0.0202,0.01225,0.0484,0.0236,0.03965,0.0316,0.03165,0.0435,0.03405,0.0316,0.02975,0.01885,0.0398,0.03505,0.0502,0.0299,0.02635,0.02705,0.0407,0.0512,0.0215,0.01785,0.0318,0.04,0.017,0.0306,0.0193,0.01755,0.0191,0.0017,0.00745,1e-04,6e-04,0.0029,0.0109,3e-04,NA,NA,NA,NA,NA,NA,NA,NA,NA,NA,NA,NA,NA,NA,NA,NA,NA,NA,NA,NA,NA,NA,NA,NA,NA,NA,NA,NA,NA,NA,NA,NA,NA,NA,NA,NA,NA,NA,NA,NA,NA,NA,NA,NA,NA,NA,NA,NA,NA,NA,NA,NA,NA,NA,NA,NA,NA,NA,NA,NA,NA,NA,NA,NA,NA,NA,NA,NA,NA,NA,NA,NA,NA,NA
"2015-02-21","2016-04-02","SKU_54",0.0014,0.011,0.023,0.0036,0.0168,0.0022,0.0032,0.0024,0.0176,0.0142,0.0018,0.0214,0.0624,0.0062,0.0202,0.0148,0.021,0.0124,0.0446,0.0212,0.0208,0.018,0.0284,0.0204,0.0286,0.0168,0.024,0.0154,0.019,0.019,0.019,0.0234,0.0234,0.0324,0.0152,0.0214,0.013,0.0228,0.0332,0.0112,0.0136,0.0076,0.013,0.0086,0.0108,0.016,0.0184,0.0102,0.0258,0.0172,0.0186,0.0206,0.0308,0.0244,0.0168,0,0,0,0,NA,NA,NA,NA,NA,NA,NA,NA,NA,NA,NA,NA,NA,NA,NA,NA,NA,NA,NA,NA,NA,NA,NA,NA,NA,NA,NA,NA,NA,NA,NA,NA,NA,NA,NA,NA,NA,NA,NA,NA,NA,NA,NA,NA,NA,NA,NA,NA,NA,NA,NA,NA,NA,NA,NA,NA,NA,NA,NA
"2014-01-18","2014-06-14","SKU_55",0.0045,0,0,0,0.0645,0.2285,0.0345,0.013,0.0605,0.0515,0.043,0.0605,0.0215,0.0045,0.388,0,0,0.0215,0,0.0045,0,0,NA,NA,NA,NA,NA,NA,NA,NA,NA,NA,NA,NA,NA,NA,NA,NA,NA,NA,NA,NA,NA,NA,NA,NA,NA,NA,NA,NA,NA,NA,NA,NA,NA,NA,NA,NA,NA,NA,NA,NA,NA,NA,NA,NA,NA,NA,NA,NA,NA,NA,NA,NA,NA,NA,NA,NA,NA,NA,NA,NA,NA,NA,NA,NA,NA,NA,NA,NA,NA,NA,NA,NA,NA,NA,NA,NA,NA,NA,NA,NA,NA,NA,NA,NA,NA,NA,NA,NA,NA,NA,NA,NA,NA,NA,NA,NA
"2014-02-01","2014-05-03","SKU_56",0.4036,0.0124,4e-04,0.0182,0.1218,0.0476,0.1532,0.0482,0.0366,0.0644,6e-04,0,0,0.093,NA,NA,NA,NA,NA,NA,NA,NA,NA,NA,NA,NA,NA,NA,NA,NA,NA,NA,NA,NA,NA,NA,NA,NA,NA,NA,NA,NA,NA,NA,NA,NA,NA,NA,NA,NA,NA,NA,NA,NA,NA,NA,NA,NA,NA,NA,NA,NA,NA,NA,NA,NA,NA,NA,NA,NA,NA,NA,NA,NA,NA,NA,NA,NA,NA,NA,NA,NA,NA,NA,NA,NA,NA,NA,NA,NA,NA,NA,NA,NA,NA,NA,NA,NA,NA,NA,NA,NA,NA,NA,NA,NA,NA,NA,NA,NA,NA,NA,NA,NA,NA,NA,NA,NA
"2015-02-21","2016-03-19","SKU_57",0.0024,0.0056,0.0058,0.007,0.0248,0.0134,0.017,0.0174,0.0382,0.0122,0.0174,0.0176,0.019,0.0146,0.027,0.0452,0.0404,0.039,0.0448,0.0324,0.0226,0.019,0.03,0.011,0.02,0.011,0.0382,0.014,0.0072,0.0164,0.0132,0.0242,0.0204,0.018,0.0146,0.0206,0.0164,0.0156,0.0124,0.0046,0.017,0.0258,0.0074,0.0106,0.0034,0.0084,0.021,0.0112,0.0372,0.0042,0.0168,0.0106,0.0136,0.0224,0,0,0,NA,NA,NA,NA,NA,NA,NA,NA,NA,NA,NA,NA,NA,NA,NA,NA,NA,NA,NA,NA,NA,NA,NA,NA,NA,NA,NA,NA,NA,NA,NA,NA,NA,NA,NA,NA,NA,NA,NA,NA,NA,NA,NA,NA,NA,NA,NA,NA,NA,NA,NA,NA,NA,NA,NA,NA,NA,NA,NA,NA,NA
"2013-11-02","2014-11-01","SKU_58",0.0047,0.00728,0.00812,0.0067,0.0144,0.00632,0.00342,0.00726,0.0103,0.01646,0.01252,0.01252,0.02562,0.02022,0.02564,0.01498,0.03086,0.0172,0.03328,0.02448,0.05366,0.0317,0.05334,0.06786,0.0339,0.0021,0.00416,0.01726,0.01162,0.01076,0.02424,0.0103,0.01058,0.0196,0.0193,0.04076,0.01962,0.0165,0.03518,0.0088,0.02432,0.00964,0.0087,0.02632,0.01584,0.01116,0.01636,0.01022,0.02652,0.01602,0.02688,0.01456,0,NA,NA,NA,NA,NA,NA,NA,NA,NA,NA,NA,NA,NA,NA,NA,NA,NA,NA,NA,NA,NA,NA,NA,NA,NA,NA,NA,NA,NA,NA,NA,NA,NA,NA,NA,NA,NA,NA,NA,NA,NA,NA,NA,NA,NA,NA,NA,NA,NA,NA,NA,NA,NA,NA,NA,NA,NA,NA,NA,NA,NA,NA,NA,NA,NA
"2013-11-02","2014-11-01","SKU_59",0.0019,0.0056,0.0058,0.01765,0.0053,0.0715,0.0099,0.0042,0.01565,0.00675,0.00965,0.01585,0.02325,0.0345,0.0157,0.0161,0.02545,0.01525,0.0265,0.02735,0.03275,0.0221,0.03295,0.03015,0.01505,0.02205,0.0288,0.03995,0.0299,0.0227,0.0257,0.02655,0.02065,0.03525,0.0157,0.01705,0.01325,0.0236,0.0243,0.007,0.016,0.0087,0.01715,0.0127,0.0076,0.01895,0.01645,0.00865,0.0145,0.0165,0.00985,0.0135,0,NA,NA,NA,NA,NA,NA,NA,NA,NA,NA,NA,NA,NA,NA,NA,NA,NA,NA,NA,NA,NA,NA,NA,NA,NA,NA,NA,NA,NA,NA,NA,NA,NA,NA,NA,NA,NA,NA,NA,NA,NA,NA,NA,NA,NA,NA,NA,NA,NA,NA,NA,NA,NA,NA,NA,NA,NA,NA,NA,NA,NA,NA,NA,NA,NA
"2013-06-08","2014-10-18","SKU_6",0.001,0.008,0.056,0.016,0.0165,0.0075,0.005,0.009,0.015,0.0065,0.0125,0.01,0.0065,0.011,0.008,0.0105,0.014,0.015,0.023,0.04,0.024,0.0265,0.0255,0.0325,0.0165,0.019,0.045,0.0625,0.018,0.021,0.0365,0.0315,0.028,0.043,0.026,0.039,0.0345,0.0205,0.014,0.0205,0.013,0.0155,0.0245,0.037,0.019,0.006,0.001,0.004,0.001,0,0.002,5e-04,0,0.001,0.0015,5e-04,0,0,0,0,0,0,0,0,0,0,0,0,0,0,0.001,5e-04,NA,NA,NA,NA,NA,NA,NA,NA,NA,NA,NA,NA,NA,NA,NA,NA,NA,NA,NA,NA,NA,NA,NA,NA,NA,NA,NA,NA,NA,NA,NA,NA,NA,NA,NA,NA,NA,NA,NA,NA,NA,NA,NA,NA,NA,NA
"2014-07-12","2016-04-09","SKU_60",5e-05,0.00105,0.00095,0.0013,0.00325,0.00345,0.00365,0.0095,0.00245,0.00395,0.00325,0.0051,0.00435,0.00465,0.0122,0.0069,0.01145,0.01155,0.0128,0.00985,0.02265,0.01365,0.0236,0.01185,0.00675,0.0108,0.0193,0.03555,0.03075,0.01605,0.01295,0.02015,0.01115,0.01545,0.01145,0.02175,0.01365,0.0204,0.0105,0.01445,0.00865,0.0458,0.0161,0.02,0.0149,0.01315,0.0215,0.01465,0.02385,0.0245,0.0225,0.01045,0.00685,0.02315,0.0188,0.01315,0.0124,0.0102,0.00975,0.00785,0.01425,0.01125,0.0158,0.0171,0.0063,0.00955,0.0081,0.0078,0.0066,0.00815,0.00665,0.00235,0.0036,0.0032,0.0082,0.0029,0.005,0.0038,0.00655,0.00455,0.0074,0.0037,0.00755,0.0098,0.00835,0.004,0.0066,0.00385,0.00435,0,0,0,NA,NA,NA,NA,NA,NA,NA,NA,NA,NA,NA,NA,NA,NA,NA,NA,NA,NA,NA,NA,NA,NA,NA,NA,NA,NA
"2014-01-25","2014-04-26","SKU_61",8e-04,0.0298,0.0508,0.0594,0.063,0.0658,0.0882,0.108,0.118,0.1526,0.132,0.0928,0.0392,0,NA,NA,NA,NA,NA,NA,NA,NA,NA,NA,NA,NA,NA,NA,NA,NA,NA,NA,NA,NA,NA,NA,NA,NA,NA,NA,NA,NA,NA,NA,NA,NA,NA,NA,NA,NA,NA,NA,NA,NA,NA,NA,NA,NA,NA,NA,NA,NA,NA,NA,NA,NA,NA,NA,NA,NA,NA,NA,NA,NA,NA,NA,NA,NA,NA,NA,NA,NA,NA,NA,NA,NA,NA,NA,NA,NA,NA,NA,NA,NA,NA,NA,NA,NA,NA,NA,NA,NA,NA,NA,NA,NA,NA,NA,NA,NA,NA,NA,NA,NA,NA,NA,NA,NA
"2015-11-14","2016-10-08","SKU_62",5e-04,0,0.0075,0.0075,0.012,0.002,0.0115,0.001,0.0205,0.0095,0.0305,0.033,0.006,0.0085,0.029,0.011,0.006,0.012,0.028,0.025,0.0135,0.0105,0.0165,0.026,0.023,0.057,0.0125,0.0125,0.035,0.0605,0.0225,0.025,0.005,0.0095,0.0305,0.124,0.009,0.004,0.023,0.0585,0.0125,0.022,0.0025,0.0285,0.086,0.0065,0.001,5e-04,NA,NA,NA,NA,NA,NA,NA,NA,NA,NA,NA,NA,NA,NA,NA,NA,NA,NA,NA,NA,NA,NA,NA,NA,NA,NA,NA,NA,NA,NA,NA,NA,NA,NA,NA,NA,NA,NA,NA,NA,NA,NA,NA,NA,NA,NA,NA,NA,NA,NA,NA,NA,NA,NA,NA,NA,NA,NA,NA,NA,NA,NA,NA,NA,NA,NA,NA,NA,NA,NA
"2014-02-01","2014-05-10","SKU_63",0.0104,0.005,0.005,4e-04,0.0614,0.2112,0.1294,0.0482,0.0238,0.0238,0.076,0.1306,0.114,0.093,0.068,NA,NA,NA,NA,NA,NA,NA,NA,NA,NA,NA,NA,NA,NA,NA,NA,NA,NA,NA,NA,NA,NA,NA,NA,NA,NA,NA,NA,NA,NA,NA,NA,NA,NA,NA,NA,NA,NA,NA,NA,NA,NA,NA,NA,NA,NA,NA,NA,NA,NA,NA,NA,NA,NA,NA,NA,NA,NA,NA,NA,NA,NA,NA,NA,NA,NA,NA,NA,NA,NA,NA,NA,NA,NA,NA,NA,NA,NA,NA,NA,NA,NA,NA,NA,NA,NA,NA,NA,NA,NA,NA,NA,NA,NA,NA,NA,NA,NA,NA,NA,NA,NA,NA
"2015-02-21","2016-04-09","SKU_64",0.001,0.0088,0.0156,0.0078,0.0198,0.0132,0.0134,0.0098,0.036,0.0236,0.0096,0.0118,0.0174,0.0174,0.0184,0.0182,0.0184,0.0268,0.019,0.005,0.024,0.0426,0.0158,0.017,0.0256,0.0406,0.0224,0.0188,0.0138,0.0162,0.0226,0.0194,0.0176,0.0184,0.0184,0.031,0.017,0.0274,0.0126,0.0032,0.0086,0.0184,0.0224,0.0058,0.0192,0.0112,0.0258,0.0094,0.0196,0.0216,0.0128,0.0262,0.0204,0.0104,0.0054,0.0216,0.0052,0,0,0,NA,NA,NA,NA,NA,NA,NA,NA,NA,NA,NA,NA,NA,NA,NA,NA,NA,NA,NA,NA,NA,NA,NA,NA,NA,NA,NA,NA,NA,NA,NA,NA,NA,NA,NA,NA,NA,NA,NA,NA,NA,NA,NA,NA,NA,NA,NA,NA,NA,NA,NA,NA,NA,NA,NA,NA,NA,NA
"2014-02-08","2014-05-17","SKU_65",0.371,0.0492,0.0198,0.0012,0.0256,0.007,0.0432,0.0956,0.1564,0.0922,0.1166,0.0104,0.0116,0,0,NA,NA,NA,NA,NA,NA,NA,NA,NA,NA,NA,NA,NA,NA,NA,NA,NA,NA,NA,NA,NA,NA,NA,NA,NA,NA,NA,NA,NA,NA,NA,NA,NA,NA,NA,NA,NA,NA,NA,NA,NA,NA,NA,NA,NA,NA,NA,NA,NA,NA,NA,NA,NA,NA,NA,NA,NA,NA,NA,NA,NA,NA,NA,NA,NA,NA,NA,NA,NA,NA,NA,NA,NA,NA,NA,NA,NA,NA,NA,NA,NA,NA,NA,NA,NA,NA,NA,NA,NA,NA,NA,NA,NA,NA,NA,NA,NA,NA,NA,NA,NA,NA,NA
"2015-02-21","2016-04-09","SKU_66",8e-04,0.0058,0.0048,0.0032,0.015,0.0058,0.0096,0.005,0.0134,0.0076,0.0078,0.015,0.0176,0.0274,0.0202,0.0318,0.0216,0.0232,0.019,0.026,0.051,0.038,0.0364,0.0198,0.0388,0.0228,0.0268,0.0138,0.0164,0.0192,0.0192,0.0262,0.0228,0.0202,0.012,0.0558,0.0154,0.014,0.0174,0.0036,0.0266,0.0136,0.0172,0.006,0.0082,0.01,0.014,0.0142,0.0326,0.0104,0.0114,0.0096,0.0124,0.0174,0.0138,0.0122,0,0,0,0,NA,NA,NA,NA,NA,NA,NA,NA,NA,NA,NA,NA,NA,NA,NA,NA,NA,NA,NA,NA,NA,NA,NA,NA,NA,NA,NA,NA,NA,NA,NA,NA,NA,NA,NA,NA,NA,NA,NA,NA,NA,NA,NA,NA,NA,NA,NA,NA,NA,NA,NA,NA,NA,NA,NA,NA,NA,NA
"2013-11-09","2014-11-08","SKU_67",0.00074,0.00268,0.00406,0.00376,0.0043,0.00854,0.01048,0.00818,0.00976,0.01634,0.02448,0.0245,0.01698,0.0199,0.0186,0.01706,0.02556,0.03244,0.0284,0.05082,0.03972,0.0431,0.04796,0.03536,0.0312,0.03146,0.02502,0.03302,0.01834,0.02278,0.02746,0.02362,0.02694,0.01632,0.02234,0.02818,0.02678,0.03128,0.01532,0.01514,0.01602,0.02168,0.0234,0.01408,0.02644,0.0046,0.0046,-4e-04,0.00024,3e-04,0,4e-05,6e-05,NA,NA,NA,NA,NA,NA,NA,NA,NA,NA,NA,NA,NA,NA,NA,NA,NA,NA,NA,NA,NA,NA,NA,NA,NA,NA,NA,NA,NA,NA,NA,NA,NA,NA,NA,NA,NA,NA,NA,NA,NA,NA,NA,NA,NA,NA,NA,NA,NA,NA,NA,NA,NA,NA,NA,NA,NA,NA,NA,NA,NA,NA,NA,NA,NA
"2015-02-21","2016-03-12","SKU_68",6e-04,0.0018,0.0054,0.011,0.0066,0.0024,0.022,0.0038,0.0412,0.0069,0.0072,0.0104,0.0098,0.0128,0.0082,0.0185,0.0148,0.0232,0.0161,0.0129,0.0145,0.0064,0.1075,0.0051,0.0181,0.0191,0.0419,0.0142,0.0175,0.039,0.0224,0.0385,0.0433,0.0163,0.0205,0.0498,0.0118,0.0084,0.0108,0.0068,0.0094,0.0079,0.0389,0.0097,0.0104,0.0117,0.0139,0.051,0.0019,0.0127,0.0196,0.017,0.0138,0.0242,0.008,0.0023,NA,NA,NA,NA,NA,NA,NA,NA,NA,NA,NA,NA,NA,NA,NA,NA,NA,NA,NA,NA,NA,NA,NA,NA,NA,NA,NA,NA,NA,NA,NA,NA,NA,NA,NA,NA,NA,NA,NA,NA,NA,NA,NA,NA,NA,NA,NA,NA,NA,NA,NA,NA,NA,NA,NA,NA,NA,NA,NA,NA,NA,NA
"2014-06-07","2015-12-12","SKU_69",9e-04,0.0042,0.0077,0.005,0.0374,0.0136,0.0219,0.0099,0.0125,0.0158,0.0154,0.0158,0.0075,0.0146,0.0184,0.0276,0.0202,0.0179,0.0193,0.0173,0.0202,0.023,0.0188,0.0178,0.0231,0.0321,0.0417,0.0277,0.0158,0.0139,0.0244,0.0279,0.0175,0.0265,0.021,0.023,0.0362,0.0223,0.0279,0.0491,0.0565,0.0156,0.0097,0.0152,0.0144,0.0127,0.0197,0.0203,0.0156,0.0071,1e-04,0,0,0,0,0,0,0,0,0,0,0,0,0,0,0,0,0,0,0,0,0,0,0,0,0,0,0,2e-04,0,NA,NA,NA,NA,NA,NA,NA,NA,NA,NA,NA,NA,NA,NA,NA,NA,NA,NA,NA,NA,NA,NA,NA,NA,NA,NA,NA,NA,NA,NA,NA,NA,NA,NA,NA,NA,NA,NA
"2014-07-19","2016-04-23","SKU_7",0.00032,0.00036,0.00106,0.00086,0.00066,0.00062,5e-04,0.00432,0.00148,0.00594,0.00786,0.00896,0.01198,0.01156,0.01204,0.00986,0.01062,0.03198,0.00624,0.02596,0.01102,0.01644,0.00614,0.01028,0.01234,0.01514,0.01766,0.0178,0.01348,0.01342,0.02444,0.01206,0.01028,0.0129,0.01852,0.03402,0.01126,0.0115,0.0124,0.0245,0.01354,0.00992,0.0145,0.01244,0.00934,0.0161,0.01792,0.01816,0.0269,0.015,0.01194,0.0137,0.02444,0.01544,0.01206,0.01008,0.01272,0.01522,0.01386,0.0079,0.01182,0.00942,0.0075,0.01104,0.00984,0.01804,0.01466,0.0066,0.00974,0.01006,0.00494,0.01158,0.0079,0.008,0.00626,0.00582,0.00534,0.00608,0.00618,0.01354,0.00784,0.0082,0.0094,0.01252,0.00904,0.0125,0.00412,0.00138,7e-04,0,0,0,0,NA,NA,NA,NA,NA,NA,NA,NA,NA,NA,NA,NA,NA,NA,NA,NA,NA,NA,NA,NA,NA,NA,NA,NA,NA
"2014-07-12","2015-07-18","SKU_70",2e-05,0.00126,0.00188,0.00162,0.0012,0.00678,0.00364,0.0022,0.00764,0.00578,0.00838,0.00666,0.02036,0.02958,0.02342,0.03896,0.01806,0.02878,0.045,0.0212,0.02908,0.05548,0.0226,0.01228,0.01982,0.03498,0.0209,0.03962,0.03628,0.02816,0.0245,0.02246,0.03102,0.04506,0.02674,0.03622,0.02916,0.01864,0.03488,0.01428,0.03486,0.02654,0.00966,0.01702,0.01482,0.01658,0.0225,0.00346,0,0,0,0,0,0,NA,NA,NA,NA,NA,NA,NA,NA,NA,NA,NA,NA,NA,NA,NA,NA,NA,NA,NA,NA,NA,NA,NA,NA,NA,NA,NA,NA,NA,NA,NA,NA,NA,NA,NA,NA,NA,NA,NA,NA,NA,NA,NA,NA,NA,NA,NA,NA,NA,NA,NA,NA,NA,NA,NA,NA,NA,NA,NA,NA,NA,NA,NA,NA
"2013-12-21","2014-09-27","SKU_71",2e-05,0,0,0,0,0,0.01694,0.01794,0.0266,0.03634,0.03638,0.0281,0.02874,0.058,0.05578,0.03856,0.0451,0.04054,0.0251,0.01824,0.0333,0.02818,0.0371,0.02642,0.0225,0.02344,0.02886,0.01982,0.0339,0.04532,0.02806,0.03448,0.02246,0.02254,0.02562,0.02098,0.02296,0.01848,0.02646,0.00668,0,NA,NA,NA,NA,NA,NA,NA,NA,NA,NA,NA,NA,NA,NA,NA,NA,NA,NA,NA,NA,NA,NA,NA,NA,NA,NA,NA,NA,NA,NA,NA,NA,NA,NA,NA,NA,NA,NA,NA,NA,NA,NA,NA,NA,NA,NA,NA,NA,NA,NA,NA,NA,NA,NA,NA,NA,NA,NA,NA,NA,NA,NA,NA,NA,NA,NA,NA,NA,NA,NA,NA,NA,NA,NA,NA,NA,NA
"2014-07-05","2016-03-19","SKU_72",0.00105,0.0063,0.0062,0.00745,0.00445,0.0062,0.00295,0.00295,0.00265,0.0047,0.0038,0.0063,0.0213,0.0037,0.00445,0.0294,0.0116,0.00725,0.0086,0.02595,0.0226,0.00905,0.01285,0.0306,0.01845,0.0052,0.01465,0.0245,0.03735,0.01105,0.01135,0.01115,0.01605,0.02165,0.0152,0.01345,0.0123,0.0393,0.01045,0.00995,0.01415,0.01265,0.02785,0.01565,0.02465,0.02685,0.0098,0.0128,0.015,0.0144,0.03635,0.01605,0.00605,0.00565,0.0158,0.01245,0.00635,0.03235,0.0106,0.0118,0.00505,0.0069,0.00405,0.01995,0.01065,0.00475,0.0086,0.0089,0.00525,0.0054,0.0035,0.0064,0.00295,0.00215,0.0047,0.00305,0.003,0.00395,0.0055,0.00385,0.00695,0.006,0.00375,0.0062,0.0036,0.0048,0.0023,0.0041,0.00195,0,NA,NA,NA,NA,NA,NA,NA,NA,NA,NA,NA,NA,NA,NA,NA,NA,NA,NA,NA,NA,NA,NA,NA,NA,NA,NA,NA,NA
"2014-02-01","2014-05-17","SKU_73",0.0046,0.0436,0.127,0.0916,0.0784,0.116,0.1352,0.099,0.0774,0.0138,0.0418,0.0934,0.0132,0.0384,0.0266,0,NA,NA,NA,NA,NA,NA,NA,NA,NA,NA,NA,NA,NA,NA,NA,NA,NA,NA,NA,NA,NA,NA,NA,NA,NA,NA,NA,NA,NA,NA,NA,NA,NA,NA,NA,NA,NA,NA,NA,NA,NA,NA,NA,NA,NA,NA,NA,NA,NA,NA,NA,NA,NA,NA,NA,NA,NA,NA,NA,NA,NA,NA,NA,NA,NA,NA,NA,NA,NA,NA,NA,NA,NA,NA,NA,NA,NA,NA,NA,NA,NA,NA,NA,NA,NA,NA,NA,NA,NA,NA,NA,NA,NA,NA,NA,NA,NA,NA,NA,NA,NA,NA
"2013-11-02","2014-10-25","SKU_74",0.0132,0.024,0.0196,0.0138,0.014,0.0262,0.0188,0.0058,0.0098,0.0144,0.0194,0.0334,0.0178,0.0172,0.0474,0.0262,0.051,0.0176,0.012,0.017,0.0228,0.043,0.0304,0.0308,0.0228,0.0262,0.0188,0.02,0.0248,0.0142,0.0206,0.03,0.0202,0.034,0.009,0.015,0.0108,0.0104,0.0114,0.0062,0.0134,0.015,0.0146,0.0154,0.0194,0.017,0.0172,0.0106,0.0142,0.0142,0.009,0,NA,NA,NA,NA,NA,NA,NA,NA,NA,NA,NA,NA,NA,NA,NA,NA,NA,NA,NA,NA,NA,NA,NA,NA,NA,NA,NA,NA,NA,NA,NA,NA,NA,NA,NA,NA,NA,NA,NA,NA,NA,NA,NA,NA,NA,NA,NA,NA,NA,NA,NA,NA,NA,NA,NA,NA,NA,NA,NA,NA,NA,NA,NA,NA,NA,NA
"2014-08-16","2016-04-30","SKU_75",0.00145,0.0016,0.00385,0.01005,0.01645,0.0074,0.0137,0.0102,0.00295,0.0092,0.01145,0.0122,0.00865,0.08325,0.0089,0.0074,0.0137,0.00785,0.006,0.00325,0.00685,0.0086,0.01195,0.0102,0.0088,0.00905,0.00755,0.01125,0.00895,0.0084,0.01645,0.0157,0.00755,0.0044,0.0075,0.00655,0.0078,0.00965,0.0094,0.0105,0.0123,0.0077,0.0174,0.01565,0.01905,0.01545,0.0196,0.0165,0.0289,0.00855,0.0133,0.02585,0.0141,0.01005,0.01285,0.0133,0.01245,0.0135,0.0244,0.01945,0.0185,0.0086,0.017,0.0154,0.008,0.00865,0.00345,0.003,0.0038,0.01785,0.00435,0.00855,0.0268,0.0122,0.0052,0.0057,0.00445,0.01,0.00785,0.00975,0.0062,0.006,0.01365,0.00215,0.00275,0.00865,0.01045,0.00415,0,0,NA,NA,NA,NA,NA,NA,NA,NA,NA,NA,NA,NA,NA,NA,NA,NA,NA,NA,NA,NA,NA,NA,NA,NA,NA,NA,NA,NA
"2014-02-01","2014-05-10","SKU_76",0.0435,0.01,0.011,0.01,0.024,0.0605,0.0835,0.137,0.2365,0.155,0.151,0.039,0.039,0,0,NA,NA,NA,NA,NA,NA,NA,NA,NA,NA,NA,NA,NA,NA,NA,NA,NA,NA,NA,NA,NA,NA,NA,NA,NA,NA,NA,NA,NA,NA,NA,NA,NA,NA,NA,NA,NA,NA,NA,NA,NA,NA,NA,NA,NA,NA,NA,NA,NA,NA,NA,NA,NA,NA,NA,NA,NA,NA,NA,NA,NA,NA,NA,NA,NA,NA,NA,NA,NA,NA,NA,NA,NA,NA,NA,NA,NA,NA,NA,NA,NA,NA,NA,NA,NA,NA,NA,NA,NA,NA,NA,NA,NA,NA,NA,NA,NA,NA,NA,NA,NA,NA,NA
"2015-02-21","2016-06-04","SKU_77",0.0014,0.0018,0.0034,0.0094,0.0402,0.0064,0.0092,0.0114,0.0098,0.0154,0.0264,0.0324,0.015,0.0748,0.0188,0.0276,0.0276,0.0204,0.013,0.0256,0.0138,0.0134,0.0314,0.0112,0.0268,0.0116,0.0278,0.0156,0.0124,0.0286,0.0128,0.016,0.0194,0.013,0.0152,0.0234,0.0202,0.0206,0.0128,0.0074,0.0874,0.0106,0.0082,0.0056,0.0062,0.014,0.0066,0.0122,0.009,0.009,0.0118,0.0132,0.0098,0.0086,0.0054,0.0148,0.004,0.0032,8e-04,0,0,4e-04,0.0016,0.0064,0.0082,0,0,0,NA,NA,NA,NA,NA,NA,NA,NA,NA,NA,NA,NA,NA,NA,NA,NA,NA,NA,NA,NA,NA,NA,NA,NA,NA,NA,NA,NA,NA,NA,NA,NA,NA,NA,NA,NA,NA,NA,NA,NA,NA,NA,NA,NA,NA,NA,NA,NA,NA,NA
"2014-02-01","2014-05-17","SKU_78",0.03,0.052,0.045,0.0465,0.093,0.242,0.1145,0.111,0.081,0.063,0.0285,0.037,0.038,0.015,5e-04,0.0025,NA,NA,NA,NA,NA,NA,NA,NA,NA,NA,NA,NA,NA,NA,NA,NA,NA,NA,NA,NA,NA,NA,NA,NA,NA,NA,NA,NA,NA,NA,NA,NA,NA,NA,NA,NA,NA,NA,NA,NA,NA,NA,NA,NA,NA,NA,NA,NA,NA,NA,NA,NA,NA,NA,NA,NA,NA,NA,NA,NA,NA,NA,NA,NA,NA,NA,NA,NA,NA,NA,NA,NA,NA,NA,NA,NA,NA,NA,NA,NA,NA,NA,NA,NA,NA,NA,NA,NA,NA,NA,NA,NA,NA,NA,NA,NA,NA,NA,NA,NA,NA,NA
"2015-02-21","2016-04-16","SKU_79",4e-04,0.0042,0.0216,0.0166,0.01,0.0048,0.012,0.0106,0.0072,0.0028,0.007,0.0066,0.038,0.004,0.0146,0.0124,0.0206,0.0192,0.0076,0.0124,0.0148,0.0218,0.0266,0.0412,0.0288,0.0268,0.0154,0.016,0.0206,0.015,0.031,0.0178,0.013,0.0152,0.0102,0.0292,0.0216,0.022,0.0668,0.0138,0.0464,0.012,0.0226,0.0038,0.01,0.005,0.0278,0.0068,0.019,0.0212,0.009,0.0056,0.0078,0.0098,0.016,0.0196,0.0074,0.0258,0.0224,0.001,0,NA,NA,NA,NA,NA,NA,NA,NA,NA,NA,NA,NA,NA,NA,NA,NA,NA,NA,NA,NA,NA,NA,NA,NA,NA,NA,NA,NA,NA,NA,NA,NA,NA,NA,NA,NA,NA,NA,NA,NA,NA,NA,NA,NA,NA,NA,NA,NA,NA,NA,NA,NA,NA,NA,NA,NA,NA
"2014-02-01","2014-08-30","SKU_8",0.0017,0.0105,0.0177,0.0161,0.0332,0.0462,0.0209,0.0274,0.0302,0.0674,0.0307,0.0233,0.0459,0.0392,0.0334,0.0505,0.0833,0.0162,0.0298,0.0287,0.0385,0.0134,0.0191,0.0229,0.0278,0.0556,0.0705,0.0092,0.0477,0.0256,0.0176,NA,NA,NA,NA,NA,NA,NA,NA,NA,NA,NA,NA,NA,NA,NA,NA,NA,NA,NA,NA,NA,NA,NA,NA,NA,NA,NA,NA,NA,NA,NA,NA,NA,NA,NA,NA,NA,NA,NA,NA,NA,NA,NA,NA,NA,NA,NA,NA,NA,NA,NA,NA,NA,NA,NA,NA,NA,NA,NA,NA,NA,NA,NA,NA,NA,NA,NA,NA,NA,NA,NA,NA,NA,NA,NA,NA,NA,NA,NA,NA,NA,NA,NA,NA,NA,NA,NA
"2014-05-31","2015-08-08","SKU_80",0.00016,6e-05,0,0,0,0,2e-05,0.00174,0.00222,0.00314,0.00662,0.00182,0.0035,0.00214,0.00838,0.00208,0.00396,0.00664,0.00974,0.02416,0.02922,0.03234,0.01608,0.0297,0.044,0.01632,0.0293,0.03388,0.03782,0.00938,0.03106,0.04002,0.02776,0.02504,0.04752,0.0366,0.04196,0.02628,0.02554,0.04806,0.043,0.03122,0.069,0.01822,0.01556,0.01624,0.01574,0.02324,0.01478,0.01786,0.01852,0.00644,0,0,0,0,0,0,0,0.00048,0.00488,0.00052,0,NA,NA,NA,NA,NA,NA,NA,NA,NA,NA,NA,NA,NA,NA,NA,NA,NA,NA,NA,NA,NA,NA,NA,NA,NA,NA,NA,NA,NA,NA,NA,NA,NA,NA,NA,NA,NA,NA,NA,NA,NA,NA,NA,NA,NA,NA,NA,NA,NA,NA,NA,NA,NA,NA,NA
"2014-07-05","2015-06-27","SKU_81",1e-04,0.002,0.0052,0.0068,5e-04,0.0038,0.0042,0.0015,0.0135,0.0284,0.0052,0.0111,0.0104,0.0049,0.0111,0.0444,0.0515,0.0298,0.0325,0.0443,0.0047,0.0303,0.0111,0.0162,0.0313,0.0059,0.0418,0.0433,0.0461,0.0577,0.0197,0.0203,0.0169,0.0186,0.0196,0.0198,0.0275,0.0505,0.0112,0.0204,0.019,0.0128,0.0158,0.0189,0.0184,0.0102,0.0077,0.0204,0.0198,0.0135,0.0194,0,NA,NA,NA,NA,NA,NA,NA,NA,NA,NA,NA,NA,NA,NA,NA,NA,NA,NA,NA,NA,NA,NA,NA,NA,NA,NA,NA,NA,NA,NA,NA,NA,NA,NA,NA,NA,NA,NA,NA,NA,NA,NA,NA,NA,NA,NA,NA,NA,NA,NA,NA,NA,NA,NA,NA,NA,NA,NA,NA,NA,NA,NA,NA,NA,NA,NA
"2015-02-21","2016-05-07","SKU_82",6e-04,0.0071,0.0104,0.0087,0.0166,0.0033,0.0049,0.015,0.011,0.0058,0.0094,0.0069,0.0215,0.0074,0.0087,0.0396,0.0396,0.0171,0.0381,0.0188,0.0318,0.0238,0.0113,0.0194,0.0105,0.0177,0.0244,0.0129,0.0138,0.0192,0.0121,0.0167,0.0417,0.0172,0.0183,0.0362,0.0163,0.0179,0.0123,0.0116,0.0186,0.0151,0.0273,0.0213,0.0096,0.0259,0.0231,0.0238,0.0202,0.0193,0.0194,0.0131,0.0311,0.0069,0.0217,0.0063,0.0102,0.0026,0.0091,0,0,0,0,0,NA,NA,NA,NA,NA,NA,NA,NA,NA,NA,NA,NA,NA,NA,NA,NA,NA,NA,NA,NA,NA,NA,NA,NA,NA,NA,NA,NA,NA,NA,NA,NA,NA,NA,NA,NA,NA,NA,NA,NA,NA,NA,NA,NA,NA,NA,NA,NA,NA,NA,NA,NA,NA,NA
"2013-10-26","2014-11-15","SKU_83",1e-04,0.006,0.0066,0.004,0.0093,0.0109,0.015,0.0079,0.0044,0.0084,0.0182,0.0135,0.0176,0.0123,0.0098,0.0119,0.0101,0.0241,0.015,0.0317,0.0292,0.0756,0.0436,0.0295,0.0384,0.0206,0.0259,0.0244,0.0318,0.0197,0.0247,0.0291,0.0171,0.0259,0.0532,0.0222,0.0263,0.0095,0.0114,0.0301,0.008,0.023,0.0171,0.0072,0.0142,0.017,0.0172,0.0048,0.0129,0.0308,0.0173,0.0055,0,0,0,0,NA,NA,NA,NA,NA,NA,NA,NA,NA,NA,NA,NA,NA,NA,NA,NA,NA,NA,NA,NA,NA,NA,NA,NA,NA,NA,NA,NA,NA,NA,NA,NA,NA,NA,NA,NA,NA,NA,NA,NA,NA,NA,NA,NA,NA,NA,NA,NA,NA,NA,NA,NA,NA,NA,NA,NA,NA,NA,NA,NA,NA,NA
"2014-07-19","2016-06-18","SKU_84",0,7e-04,6e-04,0.00075,0.0017,0.0028,0.0028,0.00465,0.0063,0.0032,0.0051,0.0045,0.00565,0.01405,0.00615,0.0166,0.0127,0.0196,0.01105,0.0103,0.0101,0.02875,0.00445,0.00705,0.02235,0.02365,0.02435,0.01545,0.00565,0.00705,0.02485,0.0322,0.01855,0.0226,0.0236,0.0166,0.0153,0.00855,0.01365,0.01725,0.0113,0.0279,0.01265,0.0254,0.0121,0.006,0.0214,0.0152,0.02175,0.01175,0.00695,0.00975,0.0084,0.013,0.00545,0.02545,0.01315,0.0133,0.01305,0.00665,0.008,0.0159,0.018,0.0138,0.01415,0.00875,0.0132,0.0089,0.00905,0.0065,0.00235,0.0109,0.00635,0.007,0.0046,0.0043,0.00915,0.0089,0.0032,0.00415,0.0074,0.00725,0.0061,0.01285,0.01145,0.0032,0.0011,0.0022,0.00255,0.0027,0.00155,0.00205,0.00095,7e-04,0.00065,0.0035,0.00145,0.00085,0.0012,0.001,0.00035,NA,NA,NA,NA,NA,NA,NA,NA,NA,NA,NA,NA,NA,NA,NA,NA,NA
"2013-11-09","2014-11-01","SKU_85",2e-04,0.00198,0.00404,0.00298,0.01094,0.00626,0.00664,0.00642,0.01196,0.01394,0.01932,0.0254,0.02034,0.0182,0.01984,0.01646,0.02032,0.02386,0.0266,0.03174,0.0564,0.04794,0.04612,0.03228,0.02488,0.03554,0.01784,0.02344,0.00894,0.01562,0.01898,0.0289,0.01714,0.0142,0.02078,0.0228,0.01534,0.0111,0.00998,0.0241,0.0284,0.02002,0.0209,0.01376,0.03352,0.0231,0.01822,0.03398,0.02834,0,0,0,NA,NA,NA,NA,NA,NA,NA,NA,NA,NA,NA,NA,NA,NA,NA,NA,NA,NA,NA,NA,NA,NA,NA,NA,NA,NA,NA,NA,NA,NA,NA,NA,NA,NA,NA,NA,NA,NA,NA,NA,NA,NA,NA,NA,NA,NA,NA,NA,NA,NA,NA,NA,NA,NA,NA,NA,NA,NA,NA,NA,NA,NA,NA,NA,NA,NA
"2014-02-01","2014-09-06","SKU_86",6e-04,0.0075,0.0041,0.0038,0.0077,0.0302,0.0228,0.039,0.034,0.0349,0.0622,0.0567,0.1123,0.0364,0.0415,0.0412,0.0376,0.1121,0.0117,0.0117,0.0487,0.0343,0.0269,0.0188,0.0324,0.0637,0.0094,0.0205,0.0336,0.0038,0,0,NA,NA,NA,NA,NA,NA,NA,NA,NA,NA,NA,NA,NA,NA,NA,NA,NA,NA,NA,NA,NA,NA,NA,NA,NA,NA,NA,NA,NA,NA,NA,NA,NA,NA,NA,NA,NA,NA,NA,NA,NA,NA,NA,NA,NA,NA,NA,NA,NA,NA,NA,NA,NA,NA,NA,NA,NA,NA,NA,NA,NA,NA,NA,NA,NA,NA,NA,NA,NA,NA,NA,NA,NA,NA,NA,NA,NA,NA,NA,NA,NA,NA,NA,NA,NA,NA
"2014-07-05","2016-06-11","SKU_87",0.00016,3e-04,0.00198,0.02544,0.00274,0.00286,0.0037,0.00456,0.0057,0.0053,0.00258,0.00234,0.00172,0.00248,0.006,0.00716,0.00568,0.00844,0.00598,0.01564,0.00298,0.01494,0.00742,0.02736,0.00486,0.00458,0.01096,0.01338,0.04214,0.00904,0.01058,0.0132,0.0167,0.01824,0.02038,0.01686,0.01804,0.02898,0.0117,0.00756,0.01284,0.01052,0.01018,0.00954,0.0111,0.01668,0.01386,0.01282,0.0117,0.01328,0.0185,0.01878,0.01728,0.02326,0.01302,0.0196,0.00782,0.0081,0.0116,0.01184,0.02278,0.00796,0.00732,0.01568,0.0107,0.01638,0.01214,0.00992,0.02116,0.00982,0.01476,0.01316,0.01046,0.00908,0.00288,0.02308,0.0029,0.00344,0.00414,0.00836,0.0182,0.00642,0.00398,0.00422,0.00278,0.00932,0.00806,0.00398,0.00516,0.0115,0.01504,0.00016,0.00156,0.00048,0,0,0,0,0,0,0,0,NA,NA,NA,NA,NA,NA,NA,NA,NA,NA,NA,NA,NA,NA,NA,NA
"2015-02-21","2016-06-18","SKU_88",7e-04,0.0016,0.0018,0.0033,0.0055,0.0011,0.003,0.0016,1e-04,6e-04,7e-04,0.0025,0.0113,0.0105,0.0048,0.0481,0.044,0.0319,0.009,0.0189,0.0126,0.0171,0.0137,0.0356,0.0095,0.009,0.0277,0.0061,0.0101,0.0661,0.0119,0.0093,0.035,0.0083,0.0421,0.0637,0.0148,0.016,0.0183,0.0325,0.0124,0.0482,0.0081,0.0095,0.0135,0.0279,0.0375,0.0578,0.0059,0.005,0.0205,0.0018,0.0047,0.0068,0.0045,0.0108,0.0213,0.0019,0.0012,0.0017,0.0011,0.0051,0.0034,0.0091,0.0061,0.0037,0.0015,0.0043,0.0025,0.0017,NA,NA,NA,NA,NA,NA,NA,NA,NA,NA,NA,NA,NA,NA,NA,NA,NA,NA,NA,NA,NA,NA,NA,NA,NA,NA,NA,NA,NA,NA,NA,NA,NA,NA,NA,NA,NA,NA,NA,NA,NA,NA,NA,NA,NA,NA,NA,NA
"2014-07-05","2016-04-16","SKU_89",0.00046,0.0031,0.00368,0.0038,0.00554,0.00402,0.0023,0.00354,0.00326,0.00418,0.00652,0.0059,0.008,0.00478,0.0123,0.01316,0.00536,0.0075,0.00612,0.01114,0.00542,0.01148,0.00946,0.00914,0.00586,0.01284,0.01076,0.01408,0.01288,0.01768,0.01178,0.0117,0.01062,0.01296,0.01308,0.01308,0.01192,0.01382,0.00896,0.02252,0.0136,0.01204,0.02266,0.0126,0.01644,0.01556,0.02124,0.02166,0.02694,0.02532,0.01746,0.01292,0.0192,0.0108,0.0158,0.02118,0.01714,0.01506,0.01076,0.00822,0.01212,0.01042,0.00888,0.01442,0.01362,0.01112,0.01246,0.00874,0.00984,0.00732,0.00638,0.01016,0.009,0.00696,0.01292,0.02816,0.01356,0.00376,0.01032,0.0075,0.0119,0.00664,0.00818,0.00848,0.0037,0.00966,0.00652,0.0053,0.00786,0.00514,0.00696,0.00486,0.00264,0.00312,NA,NA,NA,NA,NA,NA,NA,NA,NA,NA,NA,NA,NA,NA,NA,NA,NA,NA,NA,NA,NA,NA,NA,NA
"2013-06-08","2014-10-18","SKU_9",0.0025,0.0065,0.009,0.0065,0.0065,0.0235,0.007,0.012,0.0115,0.009,0.0095,0.0205,0.0135,0.019,0.0185,0.011,0.012,0.0075,0.0065,0.009,0.026,0.0345,0.0385,0.0245,0.0065,0.0155,0.036,0.0255,0.0295,0.015,0.0365,0.0175,0.032,0.058,0.036,0.0025,0.015,0.009,0.017,0.0305,0.0095,0.0115,0.0155,0.021,0.0345,0.0275,0.009,0.0075,0.009,0.0055,0.003,0.0095,0.009,0.0105,0.0045,0.0045,0,0.006,0.004,0.008,5e-04,0,0.008,5e-04,0.001,0.0065,0.012,0.001,0.0265,0.002,5e-04,0.0035,NA,NA,NA,NA,NA,NA,NA,NA,NA,NA,NA,NA,NA,NA,NA,NA,NA,NA,NA,NA,NA,NA,NA,NA,NA,NA,NA,NA,NA,NA,NA,NA,NA,NA,NA,NA,NA,NA,NA,NA,NA,NA,NA,NA,NA,NA
"2013-06-15","2014-01-25","SKU_90",0.0135,0.018,0.015,0.0295,0.0575,0.028,0.019,0.009,0.0235,0.0205,0.009,0.0245,0.0165,0.015,0.012,0.0205,0.0355,0.0335,0.062,0.0595,0.066,0.046,0.052,0.025,0.0275,0.022,0.018,0.014,0.0125,0.0385,0.075,0.045,0.0375,NA,NA,NA,NA,NA,NA,NA,NA,NA,NA,NA,NA,NA,NA,NA,NA,NA,NA,NA,NA,NA,NA,NA,NA,NA,NA,NA,NA,NA,NA,NA,NA,NA,NA,NA,NA,NA,NA,NA,NA,NA,NA,NA,NA,NA,NA,NA,NA,NA,NA,NA,NA,NA,NA,NA,NA,NA,NA,NA,NA,NA,NA,NA,NA,NA,NA,NA,NA,NA,NA,NA,NA,NA,NA,NA,NA,NA,NA,NA,NA,NA,NA,NA,NA,NA
"2015-03-07","2016-01-02","SKU_91",0.0045,0,5e-04,0.0235,0,0.012,5e-04,0.002,0.011,0.0135,0.0775,0.012,0.0585,0.005,0.0395,0.02,0.049,0.027,0.0165,0.0685,0.0405,5e-04,0.0125,0,0.01,0.015,5e-04,0.002,0.0265,0.0145,0.0205,0.0145,0.145,0.085,0.0315,0.008,0.0265,0.0435,0.0025,0.002,0.0165,0.0045,0,0.0365,NA,NA,NA,NA,NA,NA,NA,NA,NA,NA,NA,NA,NA,NA,NA,NA,NA,NA,NA,NA,NA,NA,NA,NA,NA,NA,NA,NA,NA,NA,NA,NA,NA,NA,NA,NA,NA,NA,NA,NA,NA,NA,NA,NA,NA,NA,NA,NA,NA,NA,NA,NA,NA,NA,NA,NA,NA,NA,NA,NA,NA,NA,NA,NA,NA,NA,NA,NA,NA,NA,NA,NA,NA,NA
"2015-02-21","2016-04-30","SKU_92",0.0018,0.003,0.0039,0.0082,0.0115,0.0081,0.0041,0.0076,0.0054,0.0046,0.0057,0.0189,0.0121,0.0109,0.0379,0.0521,0.006,0.0284,0.0182,0.0318,0.0124,0.032,0.0179,0.0157,0.0232,0.0171,0.0265,0.004,0.0135,0.0245,0.0285,0.0285,0.0337,0.0261,0.0218,0.0179,0.0256,0.022,0.0109,0.0094,0.0215,0.0064,0.0148,0.0103,0.0215,0.0252,0.0203,0.016,0.012,0.0083,0.0186,0.0234,0.0153,0.0074,0.0149,0.0092,0.0245,0.0139,0.014,0.0094,0.0018,0,0,NA,NA,NA,NA,NA,NA,NA,NA,NA,NA,NA,NA,NA,NA,NA,NA,NA,NA,NA,NA,NA,NA,NA,NA,NA,NA,NA,NA,NA,NA,NA,NA,NA,NA,NA,NA,NA,NA,NA,NA,NA,NA,NA,NA,NA,NA,NA,NA,NA,NA,NA,NA,NA,NA,NA
"2015-02-21","2016-06-18","SKU_93",6e-04,4e-04,2e-04,0.0012,0.0076,0.0032,8e-04,4e-04,6e-04,0.0022,0.0048,0.0046,0.0032,0.0014,0.0024,0.1972,0.0094,0.0048,0.0156,0.1226,0.0084,0.0168,0.0092,0.1188,0.0182,0.0124,0.0068,0.015,0.0128,0.025,0.0162,0.0158,0.0178,0.0076,0.0596,0.0098,0.0084,0.0066,0.0142,0.0024,0.0142,0.0132,0.013,0.0058,0.0022,0.032,0.0074,0.0068,0.0168,0.011,0.003,0.0154,0.0024,0.0088,0.009,0.0082,0,0,0,0,0.0044,0.0034,0.007,0.0046,0.0042,0.0112,0.003,0.0012,0.004,0.003,NA,NA,NA,NA,NA,NA,NA,NA,NA,NA,NA,NA,NA,NA,NA,NA,NA,NA,NA,NA,NA,NA,NA,NA,NA,NA,NA,NA,NA,NA,NA,NA,NA,NA,NA,NA,NA,NA,NA,NA,NA,NA,NA,NA,NA,NA,NA,NA
"2013-11-09","2014-10-18","SKU_94",0.0013,0.00442,0.00404,0.00762,0.00752,0.0078,0.00584,0.0078,0.01566,0.0259,0.0295,0.02964,0.0262,0.0167,0.01884,0.01928,0.02674,0.02418,0.02902,0.04386,0.03226,0.04242,0.04386,0.03952,0.03376,0.03278,0.02194,0.02902,0.01374,0.02022,0.01652,0.03444,0.0224,0.01516,0.02134,0.01932,0.0146,0.02668,0.01356,0.01556,0.01284,0.01294,0.01126,0.01148,0.0379,0.02798,0.02282,0.00184,0,0,NA,NA,NA,NA,NA,NA,NA,NA,NA,NA,NA,NA,NA,NA,NA,NA,NA,NA,NA,NA,NA,NA,NA,NA,NA,NA,NA,NA,NA,NA,NA,NA,NA,NA,NA,NA,NA,NA,NA,NA,NA,NA,NA,NA,NA,NA,NA,NA,NA,NA,NA,NA,NA,NA,NA,NA,NA,NA,NA,NA,NA,NA,NA,NA,NA,NA,NA,NA
"2015-02-28","2016-06-04","SKU_95",0.0014,0.0052,0.0098,0.015,0.002,0.0044,4e-04,0.002,0.0076,0.006,0.0266,0.0092,0.0204,0.0302,0.0214,0.0202,0.0176,0.017,0.0258,0.0292,0.0696,0.0236,0.0228,0.0264,0.021,0.013,0.041,0.0154,0.033,0.013,0.0214,0.011,0.0214,0.0098,0.0184,0.0184,0.0098,0.0292,0.0114,0.013,0.016,0.017,0.0016,0.005,0.0058,0.0044,0.011,0.0284,0.0108,0.01,0.01,0.02,0.0084,0.0124,0.026,0.011,0.0094,0.0058,0.0082,0.0152,0.01,0.0134,0.0158,0.0102,0,0,0,NA,NA,NA,NA,NA,NA,NA,NA,NA,NA,NA,NA,NA,NA,NA,NA,NA,NA,NA,NA,NA,NA,NA,NA,NA,NA,NA,NA,NA,NA,NA,NA,NA,NA,NA,NA,NA,NA,NA,NA,NA,NA,NA,NA,NA,NA,NA,NA,NA,NA,NA
"2014-01-11","2014-10-25","SKU_96",0.00272,0.00502,0.01994,0.00654,0.00932,0.00856,0.01888,0.01494,0.0189,0.01396,0.01544,0.03104,0.03542,0.0287,0.0377,0.0284,0.02312,0.03272,0.03396,0.02394,0.07206,0.01098,0.02442,0.06658,0.0309,0.02104,0.0191,0.08294,0.07786,0.02104,0.03206,0.01856,0.03028,0.00494,0.01564,0.01048,0.00646,0.03002,0.0078,0.00756,0,0,NA,NA,NA,NA,NA,NA,NA,NA,NA,NA,NA,NA,NA,NA,NA,NA,NA,NA,NA,NA,NA,NA,NA,NA,NA,NA,NA,NA,NA,NA,NA,NA,NA,NA,NA,NA,NA,NA,NA,NA,NA,NA,NA,NA,NA,NA,NA,NA,NA,NA,NA,NA,NA,NA,NA,NA,NA,NA,NA,NA,NA,NA,NA,NA,NA,NA,NA,NA,NA,NA,NA,NA,NA,NA,NA,NA
"2013-06-08","2014-01-25","SKU_97",0.00105,0.0086,0.0148,0.0105,0.01485,0.0114,0.01645,0.0409,0.015,0.01295,0.0185,0.0145,0.01185,0.0147,0.02965,0.02035,0.03065,0.02375,0.03515,0.036,0.0606,0.0421,0.0426,0.0324,0.048,0.03205,0.0429,0.0615,0.02835,0.0317,0.06195,0.0256,0.0745,0.0342,NA,NA,NA,NA,NA,NA,NA,NA,NA,NA,NA,NA,NA,NA,NA,NA,NA,NA,NA,NA,NA,NA,NA,NA,NA,NA,NA,NA,NA,NA,NA,NA,NA,NA,NA,NA,NA,NA,NA,NA,NA,NA,NA,NA,NA,NA,NA,NA,NA,NA,NA,NA,NA,NA,NA,NA,NA,NA,NA,NA,NA,NA,NA,NA,NA,NA,NA,NA,NA,NA,NA,NA,NA,NA,NA,NA,NA,NA,NA,NA,NA,NA,NA,NA
"2015-02-28","2016-05-21","SKU_98",0.00015,0.00165,0.00085,0.0066,0.001,0.00305,0.00105,0.00065,7e-04,0.00525,0.0024,0.00415,0.00675,0.0097,0.03505,0.02635,0.03195,0.0206,0.0474,0.03275,0.0454,0.03175,0.0162,0.00905,0.0198,0.0213,0.01275,0.014,0.03225,0.03245,0.01795,0.016,0.02085,0.0114,0.0158,0.0227,0.01285,0.0156,0.0042,0.02355,0.0205,0.01565,0.0111,0.0202,0.01045,0.02535,0.0337,0.0265,0.00595,0.00715,0.02645,0.01785,0.0132,0.0219,0.0142,0.01155,0.0139,0.01125,0.01025,0.03135,0.0176,0,0,0,0,NA,NA,NA,NA,NA,NA,NA,NA,NA,NA,NA,NA,NA,NA,NA,NA,NA,NA,NA,NA,NA,NA,NA,NA,NA,NA,NA,NA,NA,NA,NA,NA,NA,NA,NA,NA,NA,NA,NA,NA,NA,NA,NA,NA,NA,NA,NA,NA,NA,NA,NA,NA,NA
"2015-02-21","2016-05-07","SKU_99",7e-04,0.0026,0.00465,0.00465,0.00975,0.00615,0.00435,0.03165,0.01095,0.011,0.0146,0.008,0.0045,0.0057,0.0123,0.02255,0.0243,0.0205,0.0148,0.0139,0.01145,0.02405,0.01475,0.0113,0.0156,0.02,0.0203,0.0148,0.0173,0.0133,0.0192,0.01785,0.01705,0.0133,0.0192,0.0272,0.0147,0.02455,0.01745,0.01405,0.01615,0.0161,0.02795,0.0591,0.0112,0.0117,0.0145,0.0165,0.0239,0.02575,0.02195,0.0093,0.04735,0.0104,0.01795,0.02355,0.01125,0.008,0.02435,0.0206,0.00215,0.00305,0.0023,5e-05,NA,NA,NA,NA,NA,NA,NA,NA,NA,NA,NA,NA,NA,NA,NA,NA,NA,NA,NA,NA,NA,NA,NA,NA,NA,NA,NA,NA,NA,NA,NA,NA,NA,NA,NA,NA,NA,NA,NA,NA,NA,NA,NA,NA,NA,NA,NA,NA,NA,NA,NA,NA,NA,NA
