"Week","SKU.A.2","SKU.B.2","SKU.C.1","SKU.C.2","SKU.F.1","SKU.F.2","SKU.H.2","SKU.I.2","SKU.J.2","SKU.K.2","SKU.L.1","SKU.L.2","SKU.M.2","SKU.O.1","SKU.O.2","SKU.Q.2","SKU.S.2","SKU.B.1","SKU.E.2","SKU.G.2","SKU.H.1","SKU.K.1","SKU.N.2","SKU.Q.1","SKU.M.1","SKU.Q.3","SKU.C.3","SKU.F.3","SKU.H.3","SKU.K.3","SKU.O.3","SKU.B.3","SKU.G.3","SKU.L.3","SKU.N.3","SKU.A.3","SKU.E.3","SKU.I.3","SKU.S.3","SKU.U.3","SKU.T.3","SKU.J.3","SKU.B.4","SKU.O.4","SKU.Q.4","SKU.U.4","SKU.W.4","SKU.C.4","SKU.K.4","SKU.L.4","SKU.A.4","SKU.T.4","SKU.D.4","SKU.F.4","SKU.G.4","SKU.H.4","SKU.V.4","SKU.I.4","SKU.N.4","SKU.R.4","SKU.S.4","SKU.J.4","SKU.E.4","SKU.P.4","SKU.A.5","SKU.D.5","SKU.K.5","SKU.C.5","SKU.B.5","SKU.R.5","SKU.T.5","SKU.U.5","SKU.V.5","SKU.Y.5","SKU.X.5","SKU.L.5","SKU.Q.5","SKU.S.5","SKU.W.5","SKU.J.5","SKU.E.5","SKU.F.5","SKU.H.5","SKU.N.5","SKU.I.5","SKU.G.5"
1,28025,118312,55542,161943,31625,120064,150956,47929,12897,144905,3423,66880,42993,4140,126115,95222,83759,557,16878,2930,5494,8917,37611,2468,2293,NA,NA,NA,NA,NA,NA,NA,NA,NA,NA,NA,NA,NA,NA,NA,NA,NA,NA,NA,NA,NA,NA,NA,NA,NA,NA,NA,NA,NA,NA,NA,NA,NA,NA,NA,NA,NA,NA,NA,NA,NA,NA,NA,NA,NA,NA,NA,NA,NA,NA,NA,NA,NA,NA,NA,NA,NA,NA,NA,NA,NA
2,48250,155573,50478,156689,33041,101911,176115,30414,7643,115447,1831,64968,59553,3981,204300,83121,86465,1433,42038,3343,4633,11146,28502,1114,3264,NA,NA,NA,NA,NA,NA,NA,NA,NA,NA,NA,NA,NA,NA,NA,NA,NA,NA,NA,NA,NA,NA,NA,NA,NA,NA,NA,NA,NA,NA,NA,NA,NA,NA,NA,NA,NA,NA,NA,NA,NA,NA,NA,NA,NA,NA,NA,NA,NA,NA,NA,NA,NA,NA,NA,NA,NA,NA,NA,NA,NA
3,40128,242675,44427,203344,20143,117198,166719,37419,3821,121497,239,117357,59395,4140,117676,83281,108121,0,62419,3981,4332,5414,17038,4140,1449,NA,NA,NA,NA,NA,NA,NA,NA,NA,NA,NA,NA,NA,NA,NA,NA,NA,NA,NA,NA,NA,NA,NA,NA,NA,NA,NA,NA,NA,NA,NA,NA,NA,NA,NA,NA,NA,NA,NA,NA,NA,NA,NA,NA,NA,NA,NA,NA,NA,NA,NA,NA,NA,NA,NA,NA,NA,NA,NA,NA,NA
4,48966,222930,18790,228025,25795,96656,144428,41721,2548,114968,239,94746,35827,5255,103344,71099,91720,478,14013,4776,4140,6369,22611,1672,3025,NA,NA,NA,NA,NA,NA,NA,NA,NA,NA,NA,NA,NA,NA,NA,NA,NA,NA,NA,NA,NA,NA,NA,NA,NA,NA,NA,NA,NA,NA,NA,NA,NA,NA,NA,NA,NA,NA,NA,NA,NA,NA,NA,NA,NA,NA,NA,NA,NA,NA,NA,NA,NA,NA,NA,NA,NA,NA,NA,NA,NA
5,74044,260351,68153,397134,18312,178185,242357,80016,17993,201512,2787,157324,80572,2070,315446,138694,152070,637,67834,8121,1066,7006,36705,4379,12420,NA,NA,NA,NA,NA,NA,NA,NA,NA,NA,NA,NA,NA,NA,NA,NA,NA,NA,NA,NA,NA,NA,NA,NA,NA,NA,NA,NA,NA,NA,NA,NA,NA,NA,NA,NA,NA,NA,NA,NA,NA,NA,NA,NA,NA,NA,NA,NA,NA,NA,NA,NA,NA,NA,NA,NA,NA,NA,NA,NA,NA
6,21497,145700,45605,150000,16083,150318,226274,42514,14999,80255,0,130892,43630,6369,214171,94267,82802,955,58503,1831,159,3185,37579,3438,8121,NA,NA,NA,NA,NA,NA,NA,NA,NA,NA,NA,NA,NA,NA,NA,NA,NA,NA,NA,NA,NA,NA,NA,NA,NA,NA,NA,NA,NA,NA,NA,NA,NA,NA,NA,NA,NA,NA,NA,NA,NA,NA,NA,NA,NA,NA,NA,NA,NA,NA,NA,NA,NA,NA,NA,NA,NA,NA,NA,NA,NA
7,32325,194587,27866,200955,21879,81370,152548,42994,5096,81688,318,88375,36624,5095,170063,36465,91242,478,27387,6688,477,7803,17993,1688,1274,NA,NA,NA,NA,NA,NA,NA,NA,NA,NA,NA,NA,NA,NA,NA,NA,NA,NA,NA,NA,NA,NA,NA,NA,NA,NA,NA,NA,NA,NA,NA,NA,NA,NA,NA,NA,NA,NA,NA,NA,NA,NA,NA,NA,NA,NA,NA,NA,NA,NA,NA,NA,NA,NA,NA,NA,NA,NA,NA,NA,NA
8,35988,161624,49681,311131,52754,156720,177547,57802,12262,93949,1114,168950,59714,3185,143153,78184,83598,318,90462,2467,1115,1433,20365,1752,0,NA,NA,NA,NA,NA,NA,NA,NA,NA,NA,NA,NA,NA,NA,NA,NA,NA,NA,NA,NA,NA,NA,NA,NA,NA,NA,NA,NA,NA,NA,NA,NA,NA,NA,NA,NA,NA,NA,NA,NA,NA,NA,NA,NA,NA,NA,NA,NA,NA,NA,NA,NA,NA,NA,NA,NA,NA,NA,NA,NA,NA
9,44825,317834,17038,350796,12739,196498,193074,48408,4459,120541,239,123248,58598,13472,164173,103185,131687,637,75637,14172,1274,19267,31385,637,271,NA,NA,NA,NA,NA,NA,NA,NA,NA,NA,NA,NA,NA,NA,NA,NA,NA,NA,NA,NA,NA,NA,NA,NA,NA,NA,NA,NA,NA,NA,NA,NA,NA,NA,NA,NA,NA,NA,NA,NA,NA,NA,NA,NA,NA,NA,NA,NA,NA,NA,NA,NA,NA,NA,NA,NA,NA,NA,NA,NA,NA
10,62897,175478,35350,247133,33121,139649,162579,50797,3503,125956,0,99522,47771,6688,89172,85987,100478,398,50319,7675,2707,9554,35828,0,5494,NA,NA,NA,NA,NA,NA,NA,NA,NA,NA,NA,NA,NA,NA,NA,NA,NA,NA,NA,NA,NA,NA,NA,NA,NA,NA,NA,NA,NA,NA,NA,NA,NA,NA,NA,NA,NA,NA,NA,NA,NA,NA,NA,NA,NA,NA,NA,NA,NA,NA,NA,NA,NA,NA,NA,NA,NA,NA,NA,NA,NA
11,33917,159235,42675,231051,29458,115924,135032,38057,4777,105731,557,80574,51752,0,156528,130733,94903,318,21337,12435,4936,6369,32643,159,1815,NA,NA,NA,NA,NA,NA,NA,NA,NA,NA,NA,NA,NA,NA,NA,NA,NA,NA,NA,NA,NA,NA,NA,NA,NA,NA,NA,NA,NA,NA,NA,NA,NA,NA,NA,NA,NA,NA,NA,NA,NA,NA,NA,NA,NA,NA,NA,NA,NA,NA,NA,NA,NA,NA,NA,NA,NA,NA,NA,NA,NA
12,58917,281688,66879,358121,15446,143631,190924,65288,10032,119267,0,106847,55574,4299,225478,164968,174523,0,32005,2468,1036,6209,30891,0,159,NA,NA,NA,NA,NA,NA,NA,NA,NA,NA,NA,NA,NA,NA,NA,NA,NA,NA,NA,NA,NA,NA,NA,NA,NA,NA,NA,NA,NA,NA,NA,NA,NA,NA,NA,NA,NA,NA,NA,NA,NA,NA,NA,NA,NA,NA,NA,NA,NA,NA,NA,NA,NA,NA,NA,NA,NA,NA,NA,NA,NA
13,65685,266640,42436,397771,23774,160191,236784,93551,4299,159076,0,149362,48088,3662,138058,128981,189491,637,35509,1911,2118,2866,36943,478,0,NA,NA,NA,NA,NA,NA,NA,NA,NA,NA,NA,NA,NA,NA,NA,NA,NA,NA,NA,NA,NA,NA,NA,NA,NA,NA,NA,NA,NA,NA,NA,NA,NA,NA,NA,NA,NA,NA,NA,NA,NA,NA,NA,NA,NA,NA,NA,NA,NA,NA,NA,NA,NA,NA,NA,NA,NA,NA,NA,NA,NA
14,29298,119905,4937,211147,26910,94426,179937,37102,7642,136942,159,159713,51911,4459,153503,117038,112580,0,27548,5891,478,955,27150,1274,3344,NA,NA,NA,NA,NA,NA,NA,NA,NA,NA,NA,NA,NA,NA,NA,NA,NA,NA,NA,NA,NA,NA,NA,NA,NA,NA,NA,NA,NA,NA,NA,NA,NA,NA,NA,NA,NA,NA,NA,NA,NA,NA,NA,NA,NA,NA,NA,NA,NA,NA,NA,NA,NA,NA,NA,NA,NA,NA,NA,NA,NA
15,54777,216721,14809,192358,29522,135669,216560,47771,3184,153980,159,87262,40924,2548,188216,94077,95143,0,14172,1273,0,2070,33455,1752,191,NA,NA,NA,NA,NA,NA,NA,NA,NA,NA,NA,NA,NA,NA,NA,NA,NA,NA,NA,NA,NA,NA,NA,NA,NA,NA,NA,NA,NA,NA,NA,NA,NA,NA,NA,NA,NA,NA,NA,NA,NA,NA,NA,NA,NA,NA,NA,NA,NA,NA,NA,NA,NA,NA,NA,NA,NA,NA,NA,NA,NA
16,39968,227388,48408,311305,33758,100955,213199,44107,14506,112102,0,81273,37931,6210,148727,71816,71178,796,22453,3980,64,6369,23566,0,3981,NA,NA,NA,NA,NA,NA,NA,NA,NA,NA,NA,NA,NA,NA,NA,NA,NA,NA,NA,NA,NA,NA,NA,NA,NA,NA,NA,NA,NA,NA,NA,NA,NA,NA,NA,NA,NA,NA,NA,NA,NA,NA,NA,NA,NA,NA,NA,NA,NA,NA,NA,NA,NA,NA,NA,NA,NA,NA,NA,NA,NA
17,37341,197452,16083,200159,3423,139490,141242,27230,6369,80860,0,58281,30415,3184,59714,50636,79935,0,18472,3662,318,2388,22293,0,2548,NA,NA,NA,NA,NA,NA,NA,NA,NA,NA,NA,NA,NA,NA,NA,NA,NA,NA,NA,NA,NA,NA,NA,NA,NA,NA,NA,NA,NA,NA,NA,NA,NA,NA,NA,NA,NA,NA,NA,NA,NA,NA,NA,NA,NA,NA,NA,NA,NA,NA,NA,NA,NA,NA,NA,NA,NA,NA,NA,NA,NA
18,78344,297500,41560,229840,15605,161465,214809,97134,28662,194141,637,112515,91242,9394,197022,83376,159395,159,62103,10254,0,4458,52484,0,1672,NA,NA,NA,NA,NA,NA,NA,NA,NA,NA,NA,NA,NA,NA,NA,NA,NA,NA,NA,NA,NA,NA,NA,NA,NA,NA,NA,NA,NA,NA,NA,NA,NA,NA,NA,NA,NA,NA,NA,NA,NA,NA,NA,NA,NA,NA,NA,NA,NA,NA,NA,NA,NA,NA,NA,NA,NA,NA,NA,NA,NA
19,33916,140924,22292,145971,34394,99617,103678,44221,4570,79921,0,88757,29299,2070,124920,54299,95318,318,21003,8120,0,2261,28392,0,1273,239,NA,NA,NA,NA,NA,NA,NA,NA,NA,NA,NA,NA,NA,NA,NA,NA,NA,NA,NA,NA,NA,NA,NA,NA,NA,NA,NA,NA,NA,NA,NA,NA,NA,NA,NA,NA,NA,NA,NA,NA,NA,NA,NA,NA,NA,NA,NA,NA,NA,NA,NA,NA,NA,NA,NA,NA,NA,NA,NA,NA
20,18583,121003,39172,161735,31273,58089,119506,47134,7228,71019,0,79332,48296,1592,102549,61927,60748,0,11306,3026,955,1449,20828,0,3503,0,159,430,318,159,318,NA,NA,NA,NA,NA,NA,NA,NA,NA,NA,NA,NA,NA,NA,NA,NA,NA,NA,NA,NA,NA,NA,NA,NA,NA,NA,NA,NA,NA,NA,NA,NA,NA,NA,NA,NA,NA,NA,NA,NA,NA,NA,NA,NA,NA,NA,NA,NA,NA,NA,NA,NA,NA,NA,NA
21,25032,140765,17516,114443,5032,97453,77674,27579,3392,77707,0,42993,24204,3343,90097,44650,72404,16,4936,1751,159,3503,6719,0,2866,478,0,16,159,159,796,318,80,NA,NA,NA,NA,NA,NA,NA,NA,NA,NA,NA,NA,NA,NA,NA,NA,NA,NA,NA,NA,NA,NA,NA,NA,NA,NA,NA,NA,NA,NA,NA,NA,NA,NA,NA,NA,NA,NA,NA,NA,NA,NA,NA,NA,NA,NA,NA,NA,NA,NA,NA,NA,NA
22,20700,131528,23885,174043,15207,67515,93297,25716,1433,78821,0,52229,22038,4936,66099,53822,66879,318,14012,1114,159,11003,13773,0,3981,318,796,318,955,636,796,796,318,637,318,318,159,159,637,NA,NA,NA,NA,NA,NA,NA,NA,NA,NA,NA,NA,NA,NA,NA,NA,NA,NA,NA,NA,NA,NA,NA,NA,NA,NA,NA,NA,NA,NA,NA,NA,NA,NA,NA,NA,NA,NA,NA,NA,NA,NA,NA,NA,NA,NA,NA
23,17356,82644,28503,91241,9650,26624,56052,19586,477,71465,0,22834,16879,1115,89649,34076,58582,0,14808,3041,159,2867,10621,1592,318,1751,6974,2245,956,3980,4299,3773,0,796,0,1083,0,0,0,NA,NA,NA,NA,NA,NA,NA,NA,NA,NA,NA,NA,NA,NA,NA,NA,NA,NA,NA,NA,NA,NA,NA,NA,NA,NA,NA,NA,NA,NA,NA,NA,NA,NA,NA,NA,NA,NA,NA,NA,NA,NA,NA,NA,NA,NA,NA
24,19268,56210,18153,140127,9506,30222,117563,23807,3184,78183,1417,24888,21178,637,87261,46019,55415,0,10478,1592,0,4299,9936,0,3184,1910,3981,10048,10765,6687,1274,1911,478,860,2309,2548,477,159,7149,NA,NA,NA,NA,NA,NA,NA,NA,NA,NA,NA,NA,NA,NA,NA,NA,NA,NA,NA,NA,NA,NA,NA,NA,NA,NA,NA,NA,NA,NA,NA,NA,NA,NA,NA,NA,NA,NA,NA,NA,NA,NA,NA,NA,NA,NA,NA
25,77070,165780,42834,163534,7691,66879,99841,28981,3821,106020,NA,37898,32007,6688,165764,39968,62580,159,7531,2309,0,4395,13009,0,1592,11942,5732,12897,4140,11306,223,3503,0,636,0,477,0,318,10541,NA,NA,NA,NA,NA,NA,NA,NA,NA,NA,NA,NA,NA,NA,NA,NA,NA,NA,NA,NA,NA,NA,NA,NA,NA,NA,NA,NA,NA,NA,NA,NA,NA,NA,NA,NA,NA,NA,NA,NA,NA,NA,NA,NA,NA,NA,NA
26,70700,134554,28662,272771,17946,94586,120860,44108,5000,110669,NA,64013,43152,3980,147612,102069,100796,159,28232,2818,159,1910,25637,0,525,7484,28503,18154,13137,11385,10669,20621,477,11943,6131,6847,1751,1114,14172,NA,NA,NA,NA,NA,NA,NA,NA,NA,NA,NA,NA,NA,NA,NA,NA,NA,NA,NA,NA,NA,NA,NA,NA,NA,NA,NA,NA,NA,NA,NA,NA,NA,NA,NA,NA,NA,NA,NA,NA,NA,NA,NA,NA,NA,NA,NA
27,10828,102228,14331,153025,8917,39012,147452,28185,3184,86783,NA,51752,34714,1751,96656,105732,68010,NA,4139,1274,3185,2866,6370,318,3822,21035,12738,7325,2229,10509,21497,4140,159,26274,2070,1910,637,1911,4937,47611,NA,NA,NA,NA,NA,NA,NA,NA,NA,NA,NA,NA,NA,NA,NA,NA,NA,NA,NA,NA,NA,NA,NA,NA,NA,NA,NA,NA,NA,NA,NA,NA,NA,NA,NA,NA,NA,NA,NA,NA,NA,NA,NA,NA,NA,NA
28,27788,165127,13535,208758,14617,80095,114013,40288,6688,117357,NA,69586,41402,4458,119904,92118,98726,NA,7324,1464,NA,1115,13694,860,318,23089,39332,19666,5986,37261,32005,6210,1115,1911,3343,5541,955,3869,29012,30732,796,NA,NA,NA,NA,NA,NA,NA,NA,NA,NA,NA,NA,NA,NA,NA,NA,NA,NA,NA,NA,NA,NA,NA,NA,NA,NA,NA,NA,NA,NA,NA,NA,NA,NA,NA,NA,NA,NA,NA,NA,NA,NA,NA,NA,NA
29,37579,116401,25637,200796,5048,69427,158599,36784,14012,104141,NA,57962,37101,796,168471,63694,111147,NA,8439,1910,NA,1593,20796,0,0,31608,83758,31528,13057,19905,35031,37022,4300,14172,4299,14809,955,2786,21814,27437,955,NA,NA,NA,NA,NA,NA,NA,NA,NA,NA,NA,NA,NA,NA,NA,NA,NA,NA,NA,NA,NA,NA,NA,NA,NA,NA,NA,NA,NA,NA,NA,NA,NA,NA,NA,NA,NA,NA,NA,NA,NA,NA,NA,NA,NA
30,67994,132006,12419,251911,4013,161465,110271,50955,2564,96496,NA,29300,44268,159,148885,71337,97452,NA,7005,1274,NA,605,28981,0,1560,29300,57166,15128,10668,21814,42516,32803,4617,15445,8917,21974,3662,5414,29300,54188,3582,NA,NA,NA,NA,NA,NA,NA,NA,NA,NA,NA,NA,NA,NA,NA,NA,NA,NA,NA,NA,NA,NA,NA,NA,NA,NA,NA,NA,NA,NA,NA,NA,NA,NA,NA,NA,NA,NA,NA,NA,NA,NA,NA,NA,NA
31,48726,219506,9714,313854,3025,135192,158757,72133,2866,130494,NA,50796,42197,0,197452,124124,127548,NA,32962,4314,NA,2468,33805,0,0,33678,111943,66002,41402,74522,71975,66800,10732,32325,17356,33758,4188,26592,57167,34633,8678,1433,NA,NA,NA,NA,NA,NA,NA,NA,NA,NA,NA,NA,NA,NA,NA,NA,NA,NA,NA,NA,NA,NA,NA,NA,NA,NA,NA,NA,NA,NA,NA,NA,NA,NA,NA,NA,NA,NA,NA,NA,NA,NA,NA,NA
32,55892,194856,46975,297628,10844,125956,155095,47931,5604,159236,NA,116195,43790,0,127389,138534,81050,NA,62373,3981,NA,542,40922,0,3265,68152,86465,46974,21020,72930,27549,44188,13503,25080,9714,9554,9235,6290,36146,54044,20222,796,NA,NA,NA,NA,NA,NA,NA,NA,NA,NA,NA,NA,NA,NA,NA,NA,NA,NA,NA,NA,NA,NA,NA,NA,NA,NA,NA,NA,NA,NA,NA,NA,NA,NA,NA,NA,NA,NA,NA,NA,NA,NA,NA,NA
33,127708,110668,29140,201911,9061,88216,88868,42197,6528,54937,NA,42468,27867,0,81050,101752,73407,NA,20223,5971,NA,7421,13376,0,318,64968,60509,69108,30732,42834,23885,40239,14968,30732,15286,20860,9873,4394,32962,41800,9920,2755,NA,NA,NA,NA,NA,NA,NA,NA,NA,NA,NA,NA,NA,NA,NA,NA,NA,NA,NA,NA,NA,NA,NA,NA,NA,NA,NA,NA,NA,NA,NA,NA,NA,NA,NA,NA,NA,NA,NA,NA,NA,NA,NA,NA
34,56688,86306,13376,190445,11178,101114,103136,27706,11162,70223,NA,88026,28503,303,86306,81162,51114,NA,17197,6848,NA,255,24999,0,478,34555,42834,91241,38058,48727,18152,51990,14697,10350,18598,16162,5892,6688,34872,38391,16735,159,NA,NA,NA,NA,NA,NA,NA,NA,NA,NA,NA,NA,NA,NA,NA,NA,NA,NA,NA,NA,NA,NA,NA,NA,NA,NA,NA,NA,NA,NA,NA,NA,NA,NA,NA,NA,NA,NA,NA,NA,NA,NA,NA,NA
35,19585,99364,3264,150159,4570,81370,156687,33440,4937,75781,NA,40765,41083,80,79299,82883,58440,NA,15446,1830,NA,717,13854,0,48,28026,65923,45382,28185,77388,23885,67038,6894,24044,28025,24157,2547,5572,23981,36273,14458,4841,NA,NA,NA,NA,NA,NA,NA,NA,NA,NA,NA,NA,NA,NA,NA,NA,NA,NA,NA,NA,NA,NA,NA,NA,NA,NA,NA,NA,NA,NA,NA,NA,NA,NA,NA,NA,NA,NA,NA,NA,NA,NA,NA,NA
36,31530,162262,17324,196816,5796,61624,158232,42993,4936,77389,NA,105159,27706,32,123248,67261,135987,NA,8758,3263,NA,350,21018,796,478,87580,112102,87262,62261,107005,91082,95701,11226,31529,17197,27547,18790,5732,58599,50525,16943,3869,NA,NA,NA,NA,NA,NA,NA,NA,NA,NA,NA,NA,NA,NA,NA,NA,NA,NA,NA,NA,NA,NA,NA,NA,NA,NA,NA,NA,NA,NA,NA,NA,NA,NA,NA,NA,NA,NA,NA,NA,NA,NA,NA,NA
37,62898,138376,7803,237260,7819,100160,96082,24840,2468,101752,NA,63438,38217,0,79777,40907,96497,NA,12897,1672,NA,334,47452,NA,NA,139808,80096,61465,53981,74840,53344,76193,10987,21498,13694,21496,10986,56050,32644,32531,13391,3694,NA,NA,NA,NA,NA,NA,NA,NA,NA,NA,NA,NA,NA,NA,NA,NA,NA,NA,NA,NA,NA,NA,NA,NA,NA,NA,NA,NA,NA,NA,NA,NA,NA,NA,NA,NA,NA,NA,NA,NA,NA,NA,NA,NA
38,36305,170542,637,291879,573,233598,203980,54936,14012,120064,NA,60509,46975,159,180254,104776,96495,NA,48408,4697,NA,0,26433,NA,NA,101592,167197,104298,33917,145095,31370,150637,16959,64968,25446,32165,6655,57643,80334,64140,18805,1608,NA,NA,NA,NA,NA,NA,NA,NA,NA,NA,NA,NA,NA,NA,NA,NA,NA,NA,NA,NA,NA,NA,NA,NA,NA,NA,NA,NA,NA,NA,NA,NA,NA,NA,NA,NA,NA,NA,NA,NA,NA,NA,NA,NA
39,10111,83041,1768,199204,239,65923,177070,34554,3184,60510,NA,96736,27547,0,87420,55255,44905,NA,9395,1432,NA,0,14492,NA,NA,50159,63376,65765,52946,80892,57483,53025,10907,35509,44824,20701,828,18153,105255,50334,7548,3678,NA,NA,NA,NA,NA,NA,NA,NA,NA,NA,NA,NA,NA,NA,NA,NA,NA,NA,NA,NA,NA,NA,NA,NA,NA,NA,NA,NA,NA,NA,NA,NA,NA,NA,NA,NA,NA,NA,NA,NA,NA,NA,NA,NA
40,7484,66880,3025,110192,0,28822,55096,17724,3663,38217,NA,65605,17993,0,50638,32325,63535,NA,37260,2707,NA,159,5414,NA,NA,60828,100956,53344,17357,73248,80254,96338,10192,28344,10096,33757,2325,14172,27229,24140,13296,1910,NA,NA,NA,NA,NA,NA,NA,NA,NA,NA,NA,NA,NA,NA,NA,NA,NA,NA,NA,NA,NA,NA,NA,NA,NA,NA,NA,NA,NA,NA,NA,NA,NA,NA,NA,NA,NA,NA,NA,NA,NA,NA,NA,NA
41,9077,71019,5478,115604,0,74363,58916,31210,1751,39809,NA,95382,10350,0,42198,32803,26433,NA,17913,1194,NA,32,8599,NA,NA,69744,80095,85509,40764,71178,19108,40922,5335,15606,7803,8599,3502,12038,24681,54617,10908,4140,NA,NA,NA,NA,NA,NA,NA,NA,NA,NA,NA,NA,NA,NA,NA,NA,NA,NA,NA,NA,NA,NA,NA,NA,NA,NA,NA,NA,NA,NA,NA,NA,NA,NA,NA,NA,NA,NA,NA,NA,NA,NA,NA,NA
42,16004,120702,6735,146496,493,46338,113217,60032,1273,50478,NA,54936,13854,0,96814,33121,27389,NA,6688,1432,NA,111,10669,NA,NA,50636,104060,102867,100796,95541,30891,76912,8599,20381,12818,26910,7006,12580,48886,32707,10748,21337,NA,NA,NA,NA,NA,NA,NA,NA,NA,NA,NA,NA,NA,NA,NA,NA,NA,NA,NA,NA,NA,NA,NA,NA,NA,NA,NA,NA,NA,NA,NA,NA,NA,NA,NA,NA,NA,NA,NA,NA,NA,NA,NA,NA
43,12978,104618,7086,109236,0,48806,61146,31529,5494,71019,NA,30733,15447,127,109554,25478,41401,NA,17835,1943,NA,32,23168,NA,NA,44904,75319,61306,21417,102626,11944,79061,8201,25796,12420,8471,14967,13854,37260,60669,11099,1911,NA,NA,NA,NA,NA,NA,NA,NA,NA,NA,NA,NA,NA,NA,NA,NA,NA,NA,NA,NA,NA,NA,NA,NA,NA,NA,NA,NA,NA,NA,NA,NA,NA,NA,NA,NA,NA,NA,NA,NA,NA,NA,NA,NA
44,6131,64888,1752,174125,159,88534,72771,40128,1114,46974,NA,44268,19745,111,85509,34873,48726,NA,10827,1210,NA,0,12660,NA,NA,85430,173407,102150,52867,159076,34905,90924,22930,43630,26894,24681,17197,16559,66879,76067,35604,4299,NA,NA,NA,NA,NA,NA,NA,NA,NA,NA,NA,NA,NA,NA,NA,NA,NA,NA,NA,NA,NA,NA,NA,NA,NA,NA,NA,NA,NA,NA,NA,NA,NA,NA,NA,NA,NA,NA,NA,NA,NA,NA,NA,NA
45,11624,64969,1290,160510,2548,29936,74682,36465,2707,54140,NA,69268,15764,0,57165,24204,32006,NA,13377,1353,NA,0,8759,NA,NA,124013,58120,92356,40446,67357,38535,59713,13853,27866,39809,6211,8598,6210,48726,41720,25956,1592,NA,NA,NA,NA,NA,NA,NA,NA,NA,NA,NA,NA,NA,NA,NA,NA,NA,NA,NA,NA,NA,NA,NA,NA,NA,NA,NA,NA,NA,NA,NA,NA,NA,NA,NA,NA,NA,NA,NA,NA,NA,NA,NA,NA
46,17993,75478,NA,118629,NA,37580,75159,29299,764,37897,NA,39490,21816,32,51273,34236,30413,NA,10191,2469,NA,80,12739,NA,NA,62770,62102,77070,45540,74204,32962,37102,12341,21178,17197,12468,10812,17117,32802,65398,9602,1146,NA,NA,NA,NA,NA,NA,NA,NA,NA,NA,NA,NA,NA,NA,NA,NA,NA,NA,NA,NA,NA,NA,NA,NA,NA,NA,NA,NA,NA,NA,NA,NA,NA,NA,NA,NA,NA,NA,NA,NA,NA,NA,NA,NA
47,11783,81688,NA,154140,NA,73726,62579,21497,3057,21973,NA,31051,8758,48,73408,18950,34235,NA,6369,9554,NA,64,7165,NA,NA,64649,87738,85988,43313,86145,46497,51115,12533,33120,22770,35907,18869,20860,73805,88694,9475,1130,NA,NA,NA,NA,NA,NA,NA,NA,NA,NA,NA,NA,NA,NA,NA,NA,NA,NA,NA,NA,NA,NA,NA,NA,NA,NA,NA,NA,NA,NA,NA,NA,NA,NA,NA,NA,NA,NA,NA,NA,NA,NA,NA,NA
48,17994,87580,NA,196497,NA,60987,61465,23567,4315,35907,NA,51594,14172,0,67356,28821,43631,NA,4697,8041,NA,0,10828,NA,NA,119905,116083,112739,56688,131847,36465,89490,17038,54777,23567,29936,37261,20860,58360,49396,28535,3741,NA,NA,NA,NA,NA,NA,NA,NA,NA,NA,NA,NA,NA,NA,NA,NA,NA,NA,NA,NA,NA,NA,NA,NA,NA,NA,NA,NA,NA,NA,NA,NA,NA,NA,NA,NA,NA,NA,NA,NA,NA,NA,NA,NA
49,18471,75319,NA,161624,NA,22771,42994,24044,2867,35668,NA,37739,10828,96,53184,16720,33280,NA,21336,6688,NA,32,8758,NA,NA,78343,127548,149841,55254,172930,46974,98567,21019,36942,24045,36624,6926,30509,78344,59394,15319,2388,NA,NA,NA,NA,NA,NA,NA,NA,NA,NA,NA,NA,NA,NA,NA,NA,NA,NA,NA,NA,NA,NA,NA,NA,NA,NA,NA,NA,NA,NA,NA,NA,NA,NA,NA,NA,NA,NA,NA,NA,NA,NA,NA,NA
50,10350,77866,NA,168471,NA,35351,86624,21974,2228,28504,NA,65765,15924,127,107963,38503,38057,NA,22628,2946,NA,48,7165,NA,NA,111624,170064,210826,95573,157165,89968,95382,27389,50159,34076,58582,24761,12897,77388,46975,31305,4252,NA,NA,NA,NA,NA,NA,NA,NA,NA,NA,NA,NA,NA,NA,NA,NA,NA,NA,NA,NA,NA,NA,NA,NA,NA,NA,NA,NA,NA,NA,NA,NA,NA,NA,NA,NA,NA,NA,NA,NA,NA,NA,NA,NA
51,13376,107643,NA,228662,NA,62596,120223,24841,1751,42357,NA,33758,14968,NA,64012,27228,36783,NA,28009,0,NA,48,12261,NA,NA,101114,150159,137579,84712,178822,35668,142516,12102,43631,18948,26990,20860,20064,81370,62246,28806,477,NA,NA,NA,NA,NA,NA,NA,NA,NA,NA,NA,NA,NA,NA,NA,NA,NA,NA,NA,NA,NA,NA,NA,NA,NA,NA,NA,NA,NA,NA,NA,NA,NA,NA,NA,NA,NA,NA,NA,NA,NA,NA,NA,NA
52,12579,77071,NA,142515,NA,18630,72134,17914,891,24204,NA,42994,13694,NA,42356,32962,37580,NA,28104,1639,NA,NA,4776,NA,NA,158439,158121,136305,114491,120224,78821,147133,27866,47771,33281,46178,10509,25319,72293,98822,40621,1162,NA,NA,NA,NA,NA,NA,NA,NA,NA,NA,NA,NA,NA,NA,NA,NA,NA,NA,NA,NA,NA,NA,NA,NA,NA,NA,NA,NA,NA,NA,NA,NA,NA,NA,NA,NA,NA,NA,NA,NA,NA,NA,NA,NA
53,12899,63854,NA,108757,NA,25000,111625,17516,669,29140,NA,64650,17197,NA,94904,41464,59713,NA,13773,3949,NA,NA,13456,NA,NA,102548,158280,145859,55733,163376,57644,95541,27468,63695,43312,17277,26752,34602,64332,95350,39761,4236,NA,NA,NA,NA,NA,NA,NA,NA,NA,NA,NA,NA,NA,NA,NA,NA,NA,NA,NA,NA,NA,NA,NA,NA,NA,NA,NA,NA,NA,NA,NA,NA,NA,NA,NA,NA,NA,NA,NA,NA,NA,NA,NA,NA
54,4617,56689,NA,78982,NA,43630,62898,11784,557,32962,NA,24062,11305,NA,57167,31051,57643,NA,8439,2150,NA,NA,9395,NA,NA,80732,187262,220063,73089,228026,56529,141163,39649,51115,34873,54347,15128,18790,106273,91799,37740,2500,NA,NA,NA,NA,NA,NA,NA,NA,NA,NA,NA,NA,NA,NA,NA,NA,NA,NA,NA,NA,NA,NA,NA,NA,NA,NA,NA,NA,NA,NA,NA,NA,NA,NA,NA,NA,NA,NA,NA,NA,NA,NA,NA,NA
55,15924,64332,NA,201862,NA,46338,63375,12261,5254,41401,NA,41577,15526,NA,48089,38535,29299,NA,10032,2467,NA,NA,6782,NA,NA,144905,231687,186306,105733,151433,71975,111307,16401,68790,38695,42754,26592,19348,93471,123774,32070,6370,NA,NA,NA,NA,NA,NA,NA,NA,NA,NA,NA,NA,NA,NA,NA,NA,NA,NA,NA,NA,NA,NA,NA,NA,NA,NA,NA,NA,NA,NA,NA,NA,NA,NA,NA,NA,NA,NA,NA,NA,NA,NA,NA,NA
56,13694,47611,NA,99045,NA,19109,39968,9315,1433,21655,NA,17197,14331,NA,45860,14331,14808,NA,7006,2611,NA,NA,4936,NA,NA,82165,121975,181210,55574,150158,44267,149045,21975,69586,23886,42516,26482,24046,41720,60112,35207,9092,NA,NA,NA,NA,NA,NA,NA,NA,NA,NA,NA,NA,NA,NA,NA,NA,NA,NA,NA,NA,NA,NA,NA,NA,NA,NA,NA,NA,NA,NA,NA,NA,NA,NA,NA,NA,NA,NA,NA,NA,NA,NA,NA,NA
57,7644,60031,NA,75796,NA,9554,93471,14808,2469,14967,NA,26910,17516,NA,61624,15924,39330,NA,4140,955,NA,NA,4379,NA,NA,117277,174203,154937,68949,201115,51114,103264,18789,64809,41401,31846,14173,21179,58916,78008,25064,5000,NA,NA,NA,NA,NA,NA,NA,NA,NA,NA,NA,NA,NA,NA,NA,NA,NA,NA,NA,NA,NA,NA,NA,NA,NA,NA,NA,NA,NA,NA,NA,NA,NA,NA,NA,NA,NA,NA,NA,NA,NA,NA,NA,NA
58,3662,39969,NA,41719,NA,39013,60509,22292,669,22930,NA,84076,9840,NA,35032,11784,14730,NA,955,2866,NA,NA,10988,NA,NA,95861,106051,126991,71655,143439,46816,80733,15924,57006,34235,41084,19107,12898,53343,57197,23407,13232,NA,NA,NA,NA,NA,NA,NA,NA,NA,NA,NA,NA,NA,NA,NA,NA,NA,NA,NA,NA,NA,NA,NA,NA,NA,NA,NA,NA,NA,NA,NA,NA,NA,NA,NA,NA,NA,NA,NA,NA,NA,NA,NA,NA
59,9394,52547,NA,55175,NA,32643,42038,21337,478,25716,NA,79824,5254,NA,57642,17356,20860,NA,31482,1592,NA,NA,9076,NA,NA,98090,130732,102310,49523,133916,89173,77309,26991,63695,54061,18073,18790,18153,67564,61194,34777,18168,NA,NA,NA,NA,NA,NA,NA,NA,NA,NA,NA,NA,NA,NA,NA,NA,NA,NA,NA,NA,NA,NA,NA,NA,NA,NA,NA,NA,NA,NA,NA,NA,NA,NA,NA,NA,NA,NA,NA,NA,NA,NA,NA,NA
60,5255,64809,NA,109379,NA,25971,45859,16019,207,30653,NA,37054,15127,NA,76910,12579,24044,NA,9300,159,NA,NA,6847,NA,NA,119347,181687,194825,78184,204937,82325,157006,33185,67356,26751,72038,21338,20144,90126,97118,40860,4952,NA,NA,NA,NA,NA,NA,NA,NA,NA,NA,NA,NA,NA,NA,NA,NA,NA,NA,NA,NA,NA,NA,NA,NA,NA,NA,NA,NA,NA,NA,NA,NA,NA,NA,NA,NA,NA,NA,NA,NA,NA,NA,NA,NA
61,10191,62421,NA,52070,NA,15430,60382,18725,4140,38535,NA,74378,4618,NA,61624,22149,18327,NA,8759,1735,NA,NA,4969,NA,NA,160493,180572,214649,93885,157246,68853,95637,35350,65891,32771,39426,24858,25686,77006,94234,35159,9968,NA,NA,NA,NA,NA,NA,NA,NA,NA,NA,NA,NA,NA,NA,NA,NA,NA,NA,NA,NA,NA,NA,NA,NA,NA,NA,NA,NA,NA,NA,NA,NA,NA,NA,NA,NA,NA,NA,NA,NA,NA,NA,NA,NA
62,10829,65446,NA,80971,NA,27501,59474,16273,398,26799,NA,34666,10987,NA,66178,19808,21131,NA,7469,1163,NA,NA,7643,NA,NA,147055,231846,125382,93376,164395,95383,107914,19252,98504,50797,45144,8758,22978,82007,123216,27469,15334,NA,NA,NA,NA,NA,NA,NA,NA,NA,NA,NA,NA,NA,NA,NA,NA,NA,NA,NA,NA,NA,NA,NA,NA,NA,NA,NA,NA,NA,NA,NA,NA,NA,NA,NA,NA,NA,NA,NA,NA,NA,NA,NA,NA
63,8997,53058,NA,87898,NA,13790,51432,13010,2547,23566,NA,80892,7930,NA,43790,27786,29809,NA,15318,1990,NA,NA,6545,NA,NA,157978,199363,157071,91338,158886,82261,151209,37531,75159,35861,53662,26577,31036,71337,108726,15652,7802,NA,NA,NA,NA,NA,NA,NA,NA,NA,NA,NA,NA,NA,NA,NA,NA,NA,NA,NA,NA,NA,NA,NA,NA,NA,NA,NA,NA,NA,NA,NA,NA,NA,NA,NA,NA,NA,NA,NA,NA,NA,NA,NA,NA
64,15764,41449,NA,104792,NA,14489,50494,14459,1194,20222,NA,38438,8583,NA,35765,26067,17659,NA,6241,987,NA,NA,4745,NA,NA,141401,174029,210828,59506,232484,70924,93758,30829,81577,22819,15016,33870,18281,77706,74298,41927,3980,NA,NA,NA,NA,NA,NA,NA,NA,NA,NA,NA,NA,NA,NA,NA,NA,NA,NA,NA,NA,NA,NA,NA,NA,NA,NA,NA,NA,NA,NA,NA,NA,NA,NA,NA,NA,NA,NA,NA,NA,NA,NA,NA,NA
65,5891,70287,NA,78471,NA,18233,79665,18074,636,22421,NA,18088,8790,NA,51147,25223,43328,NA,2548,955,NA,NA,5080,NA,NA,146304,221831,140015,80015,169888,94697,112325,28090,49331,44586,47930,21496,24633,82483,90239,37150,3138,NA,NA,NA,NA,NA,NA,NA,NA,NA,NA,NA,NA,NA,NA,NA,NA,NA,NA,NA,NA,NA,NA,NA,NA,NA,NA,NA,NA,NA,NA,NA,NA,NA,NA,NA,NA,NA,NA,NA,NA,NA,NA,NA,NA
66,4379,61496,NA,75446,NA,34093,45542,17086,477,15445,NA,89124,5859,NA,49682,17198,22898,NA,3535,1290,NA,NA,6528,NA,NA,111975,143471,140876,76593,229141,102087,122293,30859,63456,36146,27595,36306,17054,109905,118455,21657,4857,NA,NA,NA,NA,NA,NA,NA,NA,NA,NA,NA,NA,NA,NA,NA,NA,NA,NA,NA,NA,NA,NA,NA,NA,NA,NA,NA,NA,NA,NA,NA,NA,NA,NA,NA,NA,NA,NA,NA,NA,NA,NA,NA,NA
67,8280,61018,NA,92198,NA,20063,38136,7851,478,32086,NA,41560,11943,NA,56847,15892,21163,NA,1751,1751,NA,NA,3519,NA,NA,197372,159554,183917,56896,251273,90127,127069,27261,53614,22929,40764,40605,43041,93535,118774,64506,1592,NA,NA,NA,NA,NA,NA,NA,NA,NA,NA,NA,NA,NA,NA,NA,NA,NA,NA,NA,NA,NA,NA,NA,NA,NA,NA,NA,NA,NA,NA,NA,NA,NA,NA,NA,NA,NA,NA,NA,NA,NA,NA,NA,NA
68,5733,48566,NA,60876,NA,49523,29299,12404,398,27627,NA,23408,8630,NA,35685,17596,14314,NA,1911,733,NA,NA,4618,NA,NA,89108,189379,153185,77500,214013,86465,165288,20860,33200,32802,44029,43122,31974,54921,86385,20303,3345,NA,NA,NA,NA,NA,NA,NA,NA,NA,NA,NA,NA,NA,NA,NA,NA,NA,NA,NA,NA,NA,NA,NA,NA,NA,NA,NA,NA,NA,NA,NA,NA,NA,NA,NA,NA,NA,NA,NA,NA,NA,NA,NA,NA
69,9076,45542,NA,77915,NA,16720,42515,11210,2229,21019,NA,16290,10827,NA,36386,23583,19061,NA,3711,2293,NA,NA,3838,NA,NA,98360,215382,191672,92563,115287,77738,105095,22643,61783,22707,63535,29888,36800,47468,79251,15080,6481,NA,NA,NA,NA,NA,NA,NA,NA,NA,NA,NA,NA,NA,NA,NA,NA,NA,NA,NA,NA,NA,NA,NA,NA,NA,NA,NA,NA,NA,NA,NA,NA,NA,NA,NA,NA,NA,NA,NA,NA,NA,NA,NA,NA
70,7501,55335,NA,71242,NA,31370,69220,18392,0,12994,NA,66560,10509,NA,43026,26959,17643,NA,8216,2341,NA,NA,5573,NA,NA,148073,184760,198663,64491,200207,49968,104635,28120,65446,46098,53503,58280,21242,89156,115541,34555,15319,NA,NA,NA,NA,NA,NA,NA,NA,NA,NA,NA,NA,NA,NA,NA,NA,NA,NA,NA,NA,NA,NA,NA,NA,NA,NA,NA,NA,NA,NA,NA,NA,NA,NA,NA,NA,NA,NA,NA,NA,NA,NA,NA,NA
71,5812,29475,NA,60939,NA,24841,32007,15063,1943,15286,NA,6290,5255,NA,49124,11704,17515,NA,1592,541,NA,NA,7468,NA,NA,86847,176258,169904,55652,242040,98550,95381,28584,46959,29889,36146,17372,21258,105637,116879,23646,10031,NA,NA,NA,NA,NA,NA,NA,NA,NA,NA,NA,NA,NA,NA,NA,NA,NA,NA,NA,NA,NA,NA,NA,NA,NA,NA,NA,NA,NA,NA,NA,NA,NA,NA,NA,NA,NA,NA,NA,NA,NA,NA,NA,NA
72,6050,38360,NA,42087,NA,41943,26895,10716,143,25000,NA,77564,5747,NA,30048,18058,23153,NA,1991,159,NA,NA,7563,NA,NA,113343,180366,185860,60398,282867,74602,121019,28948,87946,22547,33153,14953,23885,98583,94427,19236,8535,NA,NA,NA,NA,NA,NA,NA,NA,NA,NA,NA,NA,NA,NA,NA,NA,NA,NA,NA,NA,NA,NA,NA,NA,NA,NA,NA,NA,NA,NA,NA,NA,NA,NA,NA,NA,NA,NA,NA,NA,NA,NA,NA,NA
73,5414,49458,NA,71018,NA,39809,67356,15924,0,12548,NA,85700,14378,NA,51911,14490,15621,NA,2547,1593,NA,NA,5382,NA,NA,116927,197547,121417,71225,215303,55733,121338,26433,78519,33185,72452,17325,19713,63551,54617,48248,11306,NA,NA,NA,NA,NA,NA,NA,NA,NA,NA,NA,NA,NA,NA,NA,NA,NA,NA,NA,NA,NA,NA,NA,NA,NA,NA,NA,NA,NA,NA,NA,NA,NA,NA,NA,NA,NA,NA,NA,NA,NA,NA,NA,NA
74,4299,29410,NA,115446,NA,13980,44092,9061,0,31050,NA,49362,4490,NA,44857,9585,10431,NA,7819,605,NA,NA,7388,NA,NA,128344,215478,196338,57771,186577,70860,113344,29856,34602,29299,40876,45588,40795,67898,100524,52054,13058,478,2707,2389,159,3822,NA,NA,NA,NA,NA,NA,NA,NA,NA,NA,NA,NA,NA,NA,NA,NA,NA,NA,NA,NA,NA,NA,NA,NA,NA,NA,NA,NA,NA,NA,NA,NA,NA,NA,NA,NA,NA,NA,NA
75,11131,23775,NA,73248,NA,16688,44857,13201,0,27786,NA,25796,6560,NA,37978,24331,16561,NA,2070,NA,NA,NA,7324,NA,NA,143534,250175,247930,60620,176195,95637,146974,22771,76480,24044,58201,19905,16688,66146,56688,32069,6847,477,159,159,0,4299,955,1751,1035,159,NA,NA,NA,NA,NA,NA,NA,NA,NA,NA,NA,NA,NA,NA,NA,NA,NA,NA,NA,NA,NA,NA,NA,NA,NA,NA,NA,NA,NA,NA,NA,NA,NA,NA,NA
76,5334,23822,NA,64968,NA,21592,45860,6815,0,16051,NA,32484,3408,NA,40366,10334,10429,NA,5063,NA,NA,NA,2691,NA,NA,89569,149873,117197,57165,167007,43391,97357,24299,70207,21179,43184,59395,23360,39713,67659,19681,24044,2388,1752,318,0,0,2070,159,0,0,159,NA,NA,NA,NA,NA,NA,NA,NA,NA,NA,NA,NA,NA,NA,NA,NA,NA,NA,NA,NA,NA,NA,NA,NA,NA,NA,NA,NA,NA,NA,NA,NA,NA,NA
77,7293,24204,NA,45399,NA,32564,85748,9937,0,14809,NA,64856,9905,NA,46576,18281,13057,NA,876,NA,NA,NA,4713,NA,NA,102277,250541,181322,78487,240684,88646,168806,21497,111640,33678,72787,64267,17739,66974,64267,27675,44666,12738,796,2707,3981,955,19426,9554,159,5891,637,NA,NA,NA,NA,NA,NA,NA,NA,NA,NA,NA,NA,NA,NA,NA,NA,NA,NA,NA,NA,NA,NA,NA,NA,NA,NA,NA,NA,NA,NA,NA,NA,NA,NA
78,11943,18694,NA,88599,NA,41273,36528,12818,0,17914,NA,19108,15175,NA,54857,18869,14888,NA,4889,NA,NA,NA,8169,NA,NA,173567,185908,243853,73025,239953,63152,104125,18472,87595,60286,27867,15684,23408,116337,65446,52692,25732,15923,3822,1513,2229,1242,13598,5971,270,5573,0,NA,NA,NA,NA,NA,NA,NA,NA,NA,NA,NA,NA,NA,NA,NA,NA,NA,NA,NA,NA,NA,NA,NA,NA,NA,NA,NA,NA,NA,NA,NA,NA,NA,NA
79,8599,20223,NA,68790,NA,13822,47675,10796,0,20064,NA,30016,4936,NA,50796,16322,10668,NA,5383,NA,NA,NA,8647,NA,NA,128503,209873,167038,127611,241321,41592,99841,33695,83120,36466,41879,25158,22993,81846,102707,63949,8916,8519,4458,7882,3343,2707,16561,12420,2436,5319,637,207,5191,318,4140,239,1752,637,NA,NA,NA,NA,NA,NA,NA,NA,NA,NA,NA,NA,NA,NA,NA,NA,NA,NA,NA,NA,NA,NA,NA,NA,NA,NA,NA
80,8200,24650,NA,68392,NA,16242,44427,12739,0,20542,NA,8836,9713,NA,48392,10079,27389,NA,5414,NA,NA,NA,2516,NA,NA,105414,160191,106688,80350,249061,64729,85907,38949,69108,21657,8598,13535,30637,89808,104442,50526,23089,12181,3615,8439,0,3821,21496,11847,3822,10988,1433,159,15829,80,4761,1194,1433,1751,3312,7325,NA,NA,NA,NA,NA,NA,NA,NA,NA,NA,NA,NA,NA,NA,NA,NA,NA,NA,NA,NA,NA,NA,NA,NA,NA
81,6926,27070,NA,78821,NA,22451,44586,9937,0,28582,NA,12262,8488,NA,66561,18711,17675,NA,461,NA,NA,NA,5048,NA,NA,116241,138534,116879,57930,326481,48248,97612,33774,103232,36306,25733,20541,28041,70382,48248,63280,26672,22690,4856,17356,955,3980,28058,17038,7165,9076,3137,892,17675,2102,11831,4937,1592,3184,2739,6768,NA,NA,NA,NA,NA,NA,NA,NA,NA,NA,NA,NA,NA,NA,NA,NA,NA,NA,NA,NA,NA,NA,NA,NA,NA
82,3120,30796,NA,76433,NA,10191,33360,10446,0,20781,NA,18503,8042,NA,42914,13853,19746,NA,5255,NA,NA,NA,5908,NA,NA,100335,239968,122612,60796,157294,40127,180016,28774,81211,30255,107803,17532,21608,55573,110828,44586,14793,32166,6051,7325,5733,4458,29220,15923,8917,13216,1592,2962,15764,2070,9952,5255,2389,4458,3694,7214,NA,NA,NA,NA,NA,NA,NA,NA,NA,NA,NA,NA,NA,NA,NA,NA,NA,NA,NA,NA,NA,NA,NA,NA,NA
83,4633,28265,NA,51321,NA,8917,39012,10112,0,9394,NA,17388,6194,NA,44028,9077,3981,NA,5175,NA,NA,NA,3996,NA,NA,123679,176831,117038,65383,154061,72325,124841,43503,62723,39362,46816,40923,16767,69251,69745,23344,18153,9427,54459,26911,22452,9013,58073,37978,22451,6369,8598,5143,42436,7086,20414,10350,5892,9268,22452,10827,796,NA,NA,NA,NA,NA,NA,NA,NA,NA,NA,NA,NA,NA,NA,NA,NA,NA,NA,NA,NA,NA,NA,NA,NA
84,2898,21592,NA,39967,NA,8439,22850,9713,0,11878,NA,30573,3168,NA,24060,10907,16003,NA,3264,NA,NA,NA,6592,NA,NA,60031,156687,159395,33328,145940,38918,109873,19362,43789,17117,25716,21655,19331,38217,69744,15287,22294,12340,32547,23408,80096,8041,32006,45540,17197,17994,5334,5016,46656,3662,20382,3025,9793,8153,10668,15445,955,558,NA,NA,NA,NA,NA,NA,NA,NA,NA,NA,NA,NA,NA,NA,NA,NA,NA,NA,NA,NA,NA,NA,NA
85,6211,32675,NA,51433,NA,17197,22372,10509,0,10828,NA,16719,4935,NA,34236,5891,10828,NA,1194,NA,NA,NA,1560,NA,NA,121847,184395,129299,60686,153392,73854,83441,22007,60668,34475,72771,35509,11911,56641,120222,35828,34395,11305,16879,12818,16846,4888,37580,28343,14172,14809,6942,2930,38678,5064,30573,8121,7007,13997,8598,10350,2739,318,NA,NA,NA,NA,NA,NA,NA,NA,NA,NA,NA,NA,NA,NA,NA,NA,NA,NA,NA,NA,NA,NA,NA
86,5732,35908,NA,33121,NA,16131,29299,8200,0,10509,NA,7803,6370,NA,27070,7006,15127,NA,4141,NA,NA,NA,6352,NA,NA,115604,206688,178025,51449,141114,32802,140287,22229,35988,25796,40127,14283,29125,60765,76752,27388,27706,15763,27229,32802,11385,7643,61942,44745,47835,21657,19904,6290,76990,8790,35286,4061,12198,14204,9554,26752,1035,1513,NA,NA,NA,NA,NA,NA,NA,NA,NA,NA,NA,NA,NA,NA,NA,NA,NA,NA,NA,NA,NA,NA,NA
87,3742,31943,NA,85828,NA,9713,32325,9315,0,15207,NA,9396,6131,NA,32245,28662,16831,NA,4061,NA,NA,NA,7484,NA,NA,66497,216321,160511,160096,162420,43932,109396,20333,36465,20383,57214,32181,18295,39013,107483,46497,17993,18312,27071,32802,13694,7643,77548,46815,14490,13375,14968,6926,81527,11162,37022,4618,9236,13329,7166,13693,955,1114,NA,NA,NA,NA,NA,NA,NA,NA,NA,NA,NA,NA,NA,NA,NA,NA,NA,NA,NA,NA,NA,NA,NA
88,4538,20366,NA,49999,NA,8439,36784,8598,0,11307,NA,64331,5094,NA,24363,10907,13694,NA,1401,NA,NA,NA,3504,NA,NA,44267,190191,143949,126847,100797,38950,141879,22930,43328,18153,78264,8057,11625,48089,82628,30892,14809,33678,10509,34554,9714,4760,62580,42993,13853,30255,13535,8646,61146,12182,41401,3343,9585,11863,5892,15605,2548,1990,NA,NA,NA,NA,NA,NA,NA,NA,NA,NA,NA,NA,NA,NA,NA,NA,NA,NA,NA,NA,NA,NA,NA
89,6051,32994,NA,43472,NA,7165,17038,5414,0,17117,NA,34315,3105,NA,38853,1115,12102,NA,7325,NA,NA,NA,1895,NA,NA,8279,159554,104299,68678,99999,25478,88535,33121,21338,25828,17834,13615,12739,51146,72453,39219,318,63056,12261,12421,17755,11465,113709,40765,11147,15446,3105,10112,55255,11655,39332,8598,14808,24045,955,18472,955,1433,NA,NA,NA,NA,NA,NA,NA,NA,NA,NA,NA,NA,NA,NA,NA,NA,NA,NA,NA,NA,NA,NA,NA
90,8757,46353,NA,74920,NA,13057,49348,6370,0,27070,NA,21815,17198,NA,39013,3663,12484,NA,1751,NA,NA,NA,5254,NA,NA,59395,233120,139810,71656,108599,32484,105733,27070,26974,39315,30255,9314,17914,68201,79617,24363,159,56528,14491,23886,19505,14570,111306,49362,16561,44108,3821,11783,66146,6529,28725,8997,9394,15542,18312,16241,2149,1752,NA,NA,NA,NA,NA,NA,NA,NA,NA,NA,NA,NA,NA,NA,NA,NA,NA,NA,NA,NA,NA,NA,NA
91,1592,11465,NA,46178,NA,2229,27548,3583,0,7166,NA,9554,3503,NA,8758,1911,5732,NA,3790,NA,NA,NA,3025,NA,NA,35031,126592,137898,53662,70382,18998,79618,4299,14809,20939,47771,14330,9236,38376,25955,20064,0,30891,26274,4792,18152,5095,55255,33758,14251,19744,4298,9394,36322,10510,33616,5254,11464,16082,2707,11305,1035,2229,NA,NA,NA,NA,NA,NA,NA,NA,NA,NA,NA,NA,NA,NA,NA,NA,NA,NA,NA,NA,NA,NA,NA
92,3025,27070,NA,23806,NA,6609,32961,5493,0,8520,NA,9554,5096,NA,3822,8440,6051,NA,1099,NA,NA,NA,796,NA,NA,51433,88376,85987,14093,24045,16242,59952,3901,14491,14809,21019,9363,7962,21975,32484,27946,478,27070,14013,33758,17356,10032,47611,41720,12706,16481,4856,5334,55000,6449,12930,8917,4841,9729,18631,13217,1433,318,NA,NA,NA,NA,NA,NA,NA,NA,NA,NA,NA,NA,NA,NA,NA,NA,NA,NA,NA,NA,NA,NA,NA
93,1591,11305,NA,29459,NA,23408,15128,3980,0,3486,NA,28630,1863,NA,30891,10986,5891,NA,6656,NA,NA,NA,4140,NA,NA,15127,95063,49521,27548,31528,14172,49841,3550,15127,14426,7978,3901,9092,19427,55812,8949,0,35191,21593,14808,18153,6210,117421,59793,3662,33041,5733,8996,41847,5335,26783,5892,4936,10669,6210,7962,1274,0,NA,NA,NA,NA,NA,NA,NA,NA,NA,NA,NA,NA,NA,NA,NA,NA,NA,NA,NA,NA,NA,NA,NA
94,1194,23631,NA,35924,NA,28297,29619,5414,0,7468,NA,14077,3614,NA,21338,15287,5733,NA,1194,NA,NA,NA,1592,NA,NA,18949,113121,135206,20541,21178,25478,100732,6846,13376,12962,31465,5494,2595,24554,50318,6385,255,35748,15159,36624,22373,14968,106353,48249,18949,28917,8837,10397,114538,12818,70509,7485,13057,21816,4937,3980,796,1194,NA,NA,NA,NA,NA,NA,NA,NA,NA,NA,NA,NA,NA,NA,NA,NA,NA,NA,NA,NA,NA,NA,NA
95,2627,13200,NA,39395,NA,2388,13217,2229,0,4268,NA,6768,3121,NA,4107,5573,2404,NA,955,NA,NA,NA,2867,NA,NA,12580,41910,62182,28026,26433,6051,30079,4616,10350,6067,5971,5541,5525,42198,41481,9793,0,23407,10748,19841,14729,13535,77214,32643,15223,16226,1911,10367,52548,7165,19442,8997,6290,16480,8917,10987,1910,478,NA,NA,NA,NA,NA,NA,NA,NA,NA,NA,NA,NA,NA,NA,NA,NA,NA,NA,NA,NA,NA,NA,NA
96,2388,22946,NA,27882,NA,6719,28965,5334,0,6704,NA,17898,2054,NA,39172,3934,3695,NA,637,NA,NA,NA,2834,NA,NA,20859,113710,82420,47898,76640,21369,54920,8534,16560,8789,20048,13090,9395,23249,33280,11146,637,39586,18216,32643,13168,13168,89570,36974,26146,29506,10351,12883,65047,17755,53026,9952,12897,14093,8598,20382,4458,3343,NA,NA,NA,NA,NA,NA,NA,NA,NA,NA,NA,NA,NA,NA,NA,NA,NA,NA,NA,NA,NA,NA,NA
97,4490,16846,NA,51544,NA,7165,28853,7819,0,23168,NA,45477,2229,NA,17594,8407,6020,NA,430,NA,NA,NA,3980,NA,NA,46815,78217,132914,36752,81639,13360,75652,13089,10987,16290,44889,22850,4427,42071,48996,13695,2867,21608,18996,22134,14968,11942,106481,40526,23950,27150,3567,10000,107914,10588,41131,8280,10540,14363,14171,6672,2070,636,NA,NA,NA,NA,NA,NA,NA,NA,NA,NA,NA,NA,NA,NA,NA,NA,NA,NA,NA,NA,NA,NA,NA
98,1433,19985,NA,18614,NA,3981,11385,3424,0,10255,NA,90478,3870,NA,27946,2069,4777,NA,159,NA,NA,NA,2563,NA,NA,39220,91591,74522,31051,66241,13869,62674,4379,18312,16990,52294,25000,10287,29172,39171,6369,4889,21337,12101,21179,23248,9793,63885,38901,15287,23567,2866,10828,100477,9060,38361,6497,11115,12595,34872,11464,1274,1273,NA,NA,NA,NA,NA,NA,NA,NA,NA,NA,NA,NA,NA,NA,NA,NA,NA,NA,NA,NA,NA,NA,NA
99,1050,9315,NA,37787,NA,8137,17389,4713,0,12436,NA,29619,4172,NA,20908,4618,3662,NA,318,NA,NA,NA,1353,NA,NA,24347,45637,49379,19634,27006,10430,34140,11560,10382,12740,5636,7324,5668,23200,12469,8329,4140,27945,18901,27038,22006,15891,82945,36465,22038,19634,3120,9952,53725,10111,39586,5048,10031,19426,6687,17754,1672,2547,NA,NA,NA,NA,NA,NA,NA,NA,NA,NA,NA,NA,NA,NA,NA,NA,NA,NA,NA,NA,NA,NA,NA
100,1878,17373,NA,21513,NA,3806,38854,11465,0,5047,NA,21975,1752,NA,16242,3663,5844,NA,2117,NA,NA,NA,1290,NA,NA,11465,57707,114856,26592,81114,9076,53105,13376,19873,14237,16672,20669,7022,14220,19187,8360,6051,37213,22898,26226,14744,46147,152851,63567,42993,26831,6640,18918,148965,15526,46274,6943,14411,22372,7325,36322,3981,2038,NA,NA,NA,NA,NA,NA,NA,NA,NA,NA,NA,NA,NA,NA,NA,NA,NA,NA,NA,NA,NA,NA,NA
101,11305,20398,NA,32007,NA,15653,19076,6528,0,8424,NA,28662,6178,NA,23726,3185,4139,NA,478,NA,NA,NA,477,NA,NA,48885,82166,68486,29012,98502,10508,56370,3790,17675,5796,31591,16592,4937,53025,22929,7404,7166,37453,26449,36927,16752,20095,133869,69793,54538,42197,7802,10987,93790,14633,50987,9666,13535,17197,3344,35270,2070,7245,NA,NA,NA,NA,NA,NA,NA,NA,NA,NA,NA,NA,NA,NA,NA,NA,NA,NA,NA,NA,NA,NA,NA
102,1958,18073,NA,34888,NA,14108,25223,4346,159,4204,NA,43074,3025,NA,30334,5254,6131,NA,477,NA,NA,NA,1512,NA,NA,36783,90780,72039,19794,95239,12802,57484,11146,24442,5335,52421,27547,4728,28693,23249,16162,4936,58695,152851,48566,18982,40653,193551,67931,36895,41369,9873,28583,71624,13042,61895,11943,17118,26784,7006,28711,2946,5812,NA,NA,NA,NA,NA,NA,NA,NA,NA,NA,NA,NA,NA,NA,NA,NA,NA,NA,NA,NA,NA,NA,NA
103,621,22516,NA,44634,NA,13694,41528,7165,0,3980,NA,25000,4808,NA,13217,17197,4220,NA,1130,NA,NA,NA,796,NA,NA,49746,69585,39489,20446,91561,16130,57674,17835,18790,8758,5143,29060,5015,30303,24045,15366,1274,79156,26146,100796,21337,24920,194713,113296,71178,65174,6688,25399,138566,21099,48424,10669,24125,25765,11146,47054,1592,5032,NA,NA,NA,NA,NA,NA,NA,NA,NA,NA,NA,NA,NA,NA,NA,NA,NA,NA,NA,NA,NA,NA,NA
104,1911,24808,NA,33058,NA,2707,55079,5796,0,3184,NA,6051,2213,NA,35828,4618,5175,NA,318,NA,NA,NA,1194,NA,NA,39443,63966,111147,12261,171338,23041,46752,9474,30094,10971,21513,16242,6050,21704,34713,16402,1704,61513,87564,89331,19857,22612,193472,160079,138503,33440,9076,20222,120174,23455,55447,11386,22403,28582,9713,96003,1274,3503,NA,NA,NA,NA,NA,NA,NA,NA,NA,NA,NA,NA,NA,NA,NA,NA,NA,NA,NA,NA,NA,NA,NA
105,637,8503,NA,32388,NA,2707,18550,1353,0,8822,NA,33837,1242,NA,23837,2706,16417,NA,2834,NA,NA,NA,875,NA,NA,39968,77118,41704,14826,104141,16720,30510,4140,10986,14809,2690,7484,7325,29331,46019,6209,3121,39029,22071,37070,19490,43201,151911,69427,72198,32166,16083,24443,92628,16879,152500,12022,25637,32085,25923,50701,11911,14490,NA,NA,NA,NA,NA,NA,NA,NA,NA,NA,NA,NA,NA,NA,NA,NA,NA,NA,NA,NA,NA,NA,NA
106,0,14697,NA,36593,NA,10064,41640,876,0,1481,NA,38217,1003,NA,18184,3025,1720,NA,318,NA,NA,NA,159,NA,NA,7961,42675,35670,9347,78344,22054,21656,8408,2866,16019,5813,5573,4299,50636,11464,8280,10016,44379,34824,68137,26910,48567,185573,37898,37260,33281,12516,24522,99045,10222,79315,9953,14968,20541,24362,30414,17754,6448,NA,NA,NA,NA,NA,NA,NA,NA,NA,NA,NA,NA,NA,NA,NA,NA,NA,NA,NA,NA,NA,NA,NA
107,844,10717,NA,31083,NA,14092,37261,1767,0,9761,NA,16560,3662,NA,11147,2548,1274,NA,0,NA,NA,NA,111,NA,NA,12230,40924,52659,10684,61784,12596,21273,4220,28599,10541,3615,21735,5239,21673,21432,5494,12898,74044,106942,90031,13344,65525,220048,43471,63757,65127,7802,17516,98057,19188,60573,11784,17293,20859,5334,39555,2547,13567,NA,NA,NA,NA,NA,NA,NA,NA,NA,NA,NA,NA,NA,NA,NA,NA,NA,NA,NA,NA,NA,NA,NA
108,955,6513,NA,22771,NA,3265,11002,2150,0,955,NA,1433,2070,NA,3153,2389,5573,NA,159,NA,NA,NA,2882,NA,NA,17022,69125,49634,14712,48567,13901,38615,4745,4076,3726,1752,1974,5747,20653,52150,5015,17038,102086,38503,97596,23375,51321,217914,65367,106878,69330,8518,32500,207786,20477,84236,10080,23041,28344,10716,29426,7022,10032,NA,NA,NA,NA,NA,NA,NA,NA,NA,NA,NA,NA,NA,NA,NA,NA,NA,NA,NA,NA,NA,NA,NA
109,637,1784,NA,22978,NA,10590,14585,NA,0,2229,NA,24682,796,NA,7500,5096,478,NA,0,NA,NA,NA,318,NA,NA,24681,53407,38981,39283,48408,47134,30606,2770,16401,24076,5255,11322,8232,70876,17356,10987,8759,60016,36464,144729,38614,74952,277771,82628,64331,61385,12660,43472,233360,37388,124968,17357,25317,38201,13631,57022,14013,23408,NA,NA,NA,NA,NA,NA,NA,NA,NA,NA,NA,NA,NA,NA,NA,NA,NA,NA,NA,NA,NA,NA,NA
110,159,605,NA,30000,NA,8822,4140,NA,159,3184,NA,33121,1783,NA,6163,2229,1274,NA,0,NA,NA,NA,159,NA,NA,20700,65239,42882,11050,100685,49091,31418,4299,8042,9379,4808,9873,5016,40605,15892,13106,57961,56400,254937,81242,30892,72771,317213,65924,76433,42198,8455,24808,118678,20271,38981,18440,30494,36114,4618,75860,2547,3821,NA,NA,NA,NA,NA,NA,NA,NA,NA,NA,NA,NA,NA,NA,NA,NA,NA,NA,NA,NA,NA,NA,NA
111,NA,NA,NA,12260,NA,2739,3821,NA,159,796,NA,637,478,NA,7420,1752,3344,NA,239,NA,NA,NA,955,NA,NA,24379,44044,56687,6672,86225,28822,21784,2388,1847,6656,2611,19220,3614,7945,10381,3663,57484,52324,69013,43280,34554,105525,206226,69905,55446,54459,23917,36991,175780,18455,64172,18630,25477,21799,5254,22133,12102,4936,NA,NA,NA,NA,NA,NA,NA,NA,NA,NA,NA,NA,NA,NA,NA,NA,NA,NA,NA,NA,NA,NA,NA
112,NA,NA,NA,18471,NA,4904,4172,NA,NA,3503,NA,366,2548,NA,5302,3344,4299,NA,0,NA,NA,NA,0,NA,NA,26975,45541,30094,14792,88884,20541,29331,6432,12834,3042,11052,15812,4203,13137,18152,8980,15924,70749,45031,74824,32150,40063,266116,87754,87007,42929,8598,46003,225111,16162,102277,14411,38710,32405,2436,37197,4777,14808,NA,NA,NA,NA,NA,NA,NA,NA,NA,NA,NA,NA,NA,NA,NA,NA,NA,NA,NA,NA,NA,NA,NA
113,NA,NA,NA,16560,NA,3662,5414,NA,NA,159,NA,796,796,NA,8599,1433,1433,NA,0,NA,NA,NA,1656,NA,NA,10636,58439,35080,17420,116322,13535,23757,509,5653,2883,10892,2228,7405,17467,19506,3599,9235,55223,54475,89602,35191,64937,276194,78980,50414,47835,3439,27341,135016,13534,54617,19905,20065,36337,6529,56368,1114,12102,NA,NA,NA,NA,NA,NA,NA,NA,NA,NA,NA,NA,NA,NA,NA,NA,NA,NA,NA,NA,NA,NA,NA
114,NA,NA,NA,18312,NA,1974,1911,NA,NA,1592,NA,477,637,NA,6241,1274,637,NA,0,NA,NA,NA,NA,NA,NA,20478,71784,73042,14315,68184,15509,26974,3057,11624,7086,12946,8248,3042,12724,26275,7166,9395,101688,25080,127723,30063,70557,336816,101116,60780,62691,5303,27437,170000,34713,115875,27246,43312,34395,8280,48041,13137,6289,NA,NA,NA,NA,NA,NA,NA,NA,NA,NA,NA,NA,NA,NA,NA,NA,NA,NA,NA,NA,NA,NA,NA
115,NA,NA,NA,5541,NA,7006,1752,NA,NA,318,NA,318,0,NA,3185,NA,159,NA,318,NA,NA,NA,NA,NA,NA,32087,82866,78917,17961,85843,3853,19219,2835,19076,4299,7022,4840,7149,16751,32962,5048,16879,88009,89713,121576,29539,48806,318885,102834,74601,83089,21513,41241,173886,21576,155127,18312,22548,32006,6051,56130,4219,10190,NA,NA,NA,NA,NA,NA,NA,NA,NA,NA,NA,NA,NA,NA,NA,NA,NA,NA,NA,NA,NA,NA,NA
116,NA,NA,NA,1751,NA,1751,1433,NA,NA,478,NA,NA,159,NA,2962,NA,NA,NA,NA,NA,NA,NA,NA,NA,NA,8933,95398,66417,30366,95604,21194,42914,1544,15175,4156,8997,2707,1752,15622,10637,1050,50956,101306,57962,149141,42340,46193,411100,141131,78599,68583,11146,36560,228821,27977,139395,26990,22692,60510,14904,99204,3026,22182,NA,NA,NA,NA,NA,NA,NA,NA,NA,NA,NA,NA,NA,NA,NA,NA,NA,NA,NA,NA,NA,NA,NA
117,NA,NA,NA,NA,NA,NA,NA,NA,NA,NA,NA,NA,NA,NA,2389,NA,NA,NA,NA,NA,NA,NA,NA,NA,NA,32644,79077,61576,12102,106163,24618,36434,5971,24427,12213,19920,4586,5924,12755,13870,6927,37739,57930,35190,123232,51290,52452,168806,89889,78503,48233,9586,28344,137500,24203,56990,15126,50303,60079,11146,45876,3265,26815,NA,NA,NA,NA,NA,NA,NA,NA,NA,NA,NA,NA,NA,NA,NA,NA,NA,NA,NA,NA,NA,NA,NA
118,NA,NA,NA,NA,NA,NA,NA,NA,NA,NA,NA,NA,NA,NA,NA,NA,NA,NA,NA,NA,NA,NA,NA,NA,NA,10781,36401,59188,4665,64698,18471,21785,3743,13121,2388,11943,17133,3694,10446,14347,9554,36943,76895,51592,140844,33280,41305,332739,105079,98217,64283,11752,36480,158408,18472,106466,23312,25159,34555,22611,50924,3503,19442,NA,NA,NA,NA,NA,NA,NA,NA,NA,NA,NA,NA,NA,NA,NA,NA,NA,NA,NA,NA,NA,NA,NA
119,NA,NA,NA,NA,NA,NA,NA,NA,NA,NA,NA,NA,NA,NA,NA,NA,NA,NA,NA,NA,NA,NA,NA,NA,NA,16210,76258,38600,14076,81672,11146,20271,4410,14171,8391,4999,2213,3185,10796,17277,2309,8916,77962,41098,102914,33344,33026,383057,133790,141926,39697,21099,43821,205747,33217,187485,11592,43869,42866,4872,72898,5653,9235,NA,NA,NA,NA,NA,NA,NA,NA,NA,NA,NA,NA,NA,NA,NA,NA,NA,NA,NA,NA,NA,NA,NA
120,NA,NA,NA,NA,NA,NA,NA,NA,NA,NA,NA,NA,NA,NA,NA,NA,NA,NA,NA,NA,NA,NA,NA,NA,NA,17992,70684,59810,12532,96497,23486,35048,2436,11019,6131,14649,2229,4141,10876,10271,1910,26752,138327,65732,147835,50064,56848,400158,173757,97468,90303,18313,49999,324968,33360,151831,34570,39395,46291,25955,118775,10431,15127,NA,NA,NA,NA,NA,NA,NA,NA,NA,NA,NA,NA,NA,NA,NA,NA,NA,NA,NA,NA,NA,NA,NA
121,NA,NA,NA,NA,NA,NA,NA,NA,NA,NA,NA,NA,NA,NA,NA,NA,NA,NA,NA,NA,NA,NA,NA,NA,NA,18122,43488,39474,13407,72055,1719,25956,3121,12404,4490,8917,14428,2978,10223,9506,9506,32787,72229,46784,177707,32086,18821,311465,99220,132198,81211,17261,48120,174315,20222,98313,14252,21624,45971,37165,81194,7611,9713,NA,NA,NA,NA,NA,NA,NA,NA,NA,NA,NA,NA,NA,NA,NA,NA,NA,NA,NA,NA,NA,NA,NA
122,NA,NA,NA,NA,NA,NA,NA,NA,NA,NA,NA,NA,NA,NA,NA,NA,NA,NA,NA,NA,NA,NA,NA,NA,NA,26671,16035,23073,14713,96225,5095,2595,1545,3917,4857,2228,8201,2229,9045,11099,3471,4936,44746,135765,188264,75637,19427,210223,95318,103821,35828,12277,28297,154889,26959,122293,63456,22260,35780,21338,83998,10462,17993,NA,NA,NA,NA,NA,NA,NA,NA,NA,NA,NA,NA,NA,NA,NA,NA,NA,NA,NA,NA,NA,NA,NA
123,NA,NA,NA,NA,NA,NA,NA,NA,NA,NA,NA,NA,NA,NA,NA,NA,NA,NA,NA,NA,NA,NA,NA,NA,NA,12213,41417,27706,17547,145955,4458,17197,2866,1768,6528,11783,4777,3184,9873,12102,6528,33121,54299,122134,174426,51146,19426,386831,70621,103026,57643,20542,40351,225557,26528,101369,42675,39809,38535,9076,78614,6847,22023,NA,NA,NA,NA,NA,NA,NA,NA,NA,NA,NA,NA,NA,NA,NA,NA,NA,NA,NA,NA,NA,NA,NA
124,NA,NA,NA,NA,NA,NA,NA,NA,NA,NA,NA,NA,NA,NA,NA,NA,NA,NA,NA,NA,NA,NA,NA,NA,NA,17419,38694,28343,9442,83122,6847,17516,2914,4458,6369,13885,3185,2389,13790,14650,9236,12420,68949,48248,113456,25319,29045,308918,99173,110621,57405,12739,32358,162086,29936,104937,37866,37898,39490,5414,95988,3345,30892,NA,NA,NA,NA,NA,NA,NA,NA,NA,NA,NA,NA,NA,NA,NA,NA,NA,NA,NA,NA,NA,NA,NA
125,NA,NA,NA,NA,NA,NA,NA,NA,NA,NA,NA,NA,NA,NA,NA,NA,NA,NA,NA,NA,NA,NA,NA,NA,NA,17945,84538,26592,10986,72070,1592,41879,3201,5828,2468,26274,1911,6927,17835,7484,1209,0,76911,144618,157435,36146,31051,242787,117214,78009,108917,10510,33981,177214,17994,178184,19905,30255,37898,5733,67198,3200,7324,NA,NA,NA,NA,NA,NA,NA,NA,NA,NA,NA,NA,NA,NA,NA,NA,NA,NA,NA,NA,NA,NA,NA
126,NA,NA,NA,NA,NA,NA,NA,NA,NA,NA,NA,NA,NA,NA,NA,NA,NA,NA,NA,NA,NA,NA,NA,NA,NA,12340,62420,33599,5557,141162,2548,26115,2548,8121,4649,53807,2181,175,6465,16082,1592,23487,71975,57484,192755,45684,56051,385000,82914,83184,100955,9012,33917,216338,39650,141401,17006,33408,38281,17866,46641,6688,27389,NA,NA,NA,NA,NA,NA,NA,NA,NA,NA,NA,NA,NA,NA,NA,NA,NA,NA,NA,NA,NA,NA,NA
127,NA,NA,NA,NA,NA,NA,NA,NA,NA,NA,NA,NA,NA,NA,NA,NA,NA,NA,NA,NA,NA,NA,NA,NA,NA,76050,20637,16162,637,69347,78328,21991,1114,3965,4459,16401,955,1114,3535,9235,2834,19985,60222,35015,190811,28662,52388,202389,98791,95939,72197,16210,45398,144362,17499,102436,14013,37086,30670,9395,70732,7325,9076,6369,NA,NA,NA,NA,NA,NA,NA,NA,NA,NA,NA,NA,NA,NA,NA,NA,NA,NA,NA,NA,NA,NA
128,NA,NA,NA,NA,NA,NA,NA,NA,NA,NA,NA,NA,NA,NA,NA,NA,NA,NA,NA,NA,NA,NA,NA,NA,NA,48248,32006,23566,2549,68997,66242,2867,159,12994,4108,477,0,796,1273,6608,3822,33757,64665,34076,60032,32165,30636,239268,74841,70126,68201,9745,19444,207564,26592,88997,12420,30270,32404,4617,81911,3662,26067,33439,NA,NA,NA,NA,NA,NA,NA,NA,NA,NA,NA,NA,NA,NA,NA,NA,NA,NA,NA,NA,NA,NA
129,NA,NA,NA,NA,NA,NA,NA,NA,NA,NA,NA,NA,NA,NA,NA,NA,NA,NA,NA,NA,NA,NA,NA,NA,NA,34236,54458,47134,3980,62978,63694,35032,350,7564,8121,0,796,2070,11178,5892,318,7324,150797,36942,161736,52548,40286,292835,140924,71210,142039,23247,45701,238057,26592,101911,15923,27707,36783,2548,63694,11146,7962,0,NA,NA,NA,NA,NA,NA,NA,NA,NA,NA,NA,NA,NA,NA,NA,NA,NA,NA,NA,NA,NA,NA
130,NA,NA,NA,NA,NA,NA,NA,NA,NA,NA,NA,NA,NA,NA,NA,NA,NA,NA,NA,NA,NA,NA,NA,NA,NA,171338,33487,25795,18949,24363,97612,37660,2547,11704,3391,15286,796,796,4459,9713,2070,37340,119076,88997,228423,97659,23407,326703,150875,175940,113965,18758,43472,258360,21974,145446,21019,31194,46672,6051,105636,1910,13057,83599,NA,NA,NA,NA,NA,NA,NA,NA,NA,NA,NA,NA,NA,NA,NA,NA,NA,NA,NA,NA,NA,NA
131,NA,NA,NA,NA,NA,NA,NA,NA,NA,NA,NA,NA,NA,NA,NA,NA,NA,NA,NA,NA,NA,NA,NA,NA,NA,138504,25701,18949,1752,31688,167038,9012,350,1067,1592,6624,2628,0,956,11942,955,17197,52517,37898,141768,30049,14299,290096,78964,71973,50717,6927,14203,161894,11783,65573,43138,24188,40462,9554,59746,80,15127,102707,NA,NA,NA,NA,NA,NA,NA,NA,NA,NA,NA,NA,NA,NA,NA,NA,NA,NA,NA,NA,NA,NA
132,NA,NA,NA,NA,NA,NA,NA,NA,NA,NA,NA,NA,NA,NA,NA,NA,NA,NA,NA,NA,NA,NA,NA,NA,NA,81003,38504,16401,1911,25207,270064,6162,207,12261,2548,9872,1911,0,3153,5255,6688,37405,39522,24315,187946,50000,34586,202405,101099,75813,44602,18360,41116,113456,18041,100287,27850,33296,46799,13694,77739,3009,14219,137898,NA,NA,NA,NA,NA,NA,NA,NA,NA,NA,NA,NA,NA,NA,NA,NA,NA,NA,NA,NA,NA,NA
133,NA,NA,NA,NA,NA,NA,NA,NA,NA,NA,NA,NA,NA,NA,NA,NA,NA,NA,NA,NA,NA,NA,NA,NA,NA,203901,15286,19442,4458,49873,386623,5732,3057,2262,5653,955,0,32,1862,7564,382,37149,75127,76830,98551,67197,46323,440909,161019,117310,79840,25891,37214,239028,19904,158806,31147,37118,72420,15286,116113,5923,12420,38217,NA,NA,NA,NA,NA,NA,NA,NA,NA,NA,NA,NA,NA,NA,NA,NA,NA,NA,NA,NA,NA,NA
134,NA,NA,NA,NA,NA,NA,NA,NA,NA,NA,NA,NA,NA,NA,NA,NA,NA,NA,NA,NA,NA,NA,NA,NA,NA,21975,34872,18041,4873,14395,226434,5781,525,4841,2182,4825,2007,0,3281,7962,1592,13137,34617,103933,114029,35351,22596,288631,94347,67308,43470,17485,31003,142675,16958,103933,32006,32850,47994,4777,49855,5541,11704,22293,NA,NA,NA,NA,NA,NA,NA,NA,NA,NA,NA,NA,NA,NA,NA,NA,NA,NA,NA,NA,NA,NA
135,NA,NA,NA,NA,NA,NA,NA,NA,NA,NA,NA,NA,NA,NA,NA,NA,NA,NA,NA,NA,NA,NA,NA,NA,NA,60828,35525,36704,1385,11241,194156,22230,0,765,1067,53185,159,796,2325,8630,669,16290,71703,74458,147373,48884,32484,528869,115047,125398,86257,17547,43137,331863,27866,174714,44331,32117,59650,7165,167229,3774,11783,59713,NA,NA,NA,NA,NA,NA,NA,NA,NA,NA,NA,NA,NA,NA,NA,NA,NA,NA,NA,NA,NA,NA
136,NA,NA,NA,NA,NA,NA,NA,NA,NA,NA,NA,NA,NA,NA,NA,NA,NA,NA,NA,NA,NA,NA,NA,NA,NA,28535,41561,14649,4235,31369,18153,25318,239,2866,2023,49363,4299,1433,1911,5924,1592,35892,80016,48886,111226,92197,51640,313376,155733,103536,89426,19665,30733,176769,27451,115303,20032,27244,46465,6210,53456,7723,11464,19108,NA,NA,NA,NA,NA,NA,NA,NA,NA,NA,NA,NA,NA,NA,NA,NA,NA,NA,NA,NA,NA,NA
137,NA,NA,NA,NA,NA,NA,NA,NA,NA,NA,NA,NA,NA,NA,NA,NA,NA,NA,NA,NA,NA,NA,NA,NA,NA,32405,40924,3152,1019,7325,123566,14650,637,1911,1449,796,0,477,4744,4618,1751,63376,46466,36846,222611,35190,53057,186163,71656,111400,56114,12420,34331,135127,28629,77722,33280,30079,45875,1591,102802,3662,11273,39809,NA,NA,NA,NA,NA,NA,NA,NA,NA,NA,NA,NA,NA,NA,NA,NA,NA,NA,NA,NA,NA,NA
138,NA,NA,NA,NA,NA,NA,NA,NA,NA,NA,NA,NA,NA,NA,NA,NA,NA,NA,NA,NA,NA,NA,NA,NA,NA,105095,39810,4777,318,19108,210239,23503,796,2707,0,87118,0,318,637,10828,3870,6528,67309,90445,166003,44267,32898,285876,109187,103487,65543,12453,31719,178630,18535,124157,32325,37547,36449,3344,91162,6369,30733,50955,NA,NA,NA,NA,NA,NA,NA,NA,NA,NA,NA,NA,NA,NA,NA,NA,NA,NA,NA,NA,NA,NA
139,NA,NA,NA,NA,NA,NA,NA,NA,NA,NA,NA,NA,NA,NA,NA,NA,NA,NA,NA,NA,NA,NA,NA,NA,NA,48567,44268,27149,2771,42802,244427,12739,159,2707,159,16,0,0,1911,8391,4013,62580,67039,74826,193791,43789,18853,253520,83121,111561,110128,34920,36783,181306,21831,106305,46655,32165,42196,12898,62405,4618,27706,74045,NA,NA,NA,NA,NA,NA,NA,NA,NA,NA,NA,NA,NA,NA,NA,NA,NA,NA,NA,NA,NA,NA
140,NA,NA,NA,NA,NA,NA,NA,NA,NA,NA,NA,NA,NA,NA,NA,NA,NA,NA,NA,NA,NA,NA,NA,NA,NA,50844,10191,16417,1591,5732,88185,4777,2707,3503,1115,0,0,80,1911,9363,3678,4666,96911,78886,157610,33502,39967,341194,131704,170032,93361,19681,39283,168726,22309,144474,28759,39889,59617,7947,100001,6051,11385,160828,NA,NA,NA,NA,NA,NA,NA,NA,NA,NA,NA,NA,NA,NA,NA,NA,NA,NA,NA,NA,NA,NA
141,NA,NA,NA,NA,NA,NA,NA,NA,NA,NA,NA,NA,NA,NA,NA,NA,NA,NA,NA,NA,NA,NA,NA,NA,NA,44586,7006,10350,5892,77389,48232,11146,318,1911,892,25159,334,0,1513,4299,637,21975,94714,67436,106449,60827,41942,361179,111895,129555,153582,45844,42738,238822,26736,129760,36815,42038,52388,11019,85941,9746,49713,88376,NA,NA,NA,NA,NA,NA,NA,NA,NA,NA,NA,NA,NA,NA,NA,NA,NA,NA,NA,NA,NA,NA
142,NA,NA,NA,NA,NA,NA,NA,NA,NA,NA,NA,NA,NA,NA,NA,NA,NA,NA,NA,NA,NA,NA,NA,NA,NA,88074,9235,25095,1593,66242,95892,22451,1433,7166,1656,35031,318,318,1115,10398,1911,27866,192357,180175,238264,65987,59633,664203,213152,217738,107961,15923,43073,484235,24139,359935,135494,26688,69379,14618,157293,10366,21242,157643,NA,NA,NA,NA,NA,NA,NA,NA,NA,NA,NA,NA,NA,NA,NA,NA,NA,NA,NA,NA,NA,NA
143,NA,NA,NA,NA,NA,NA,NA,NA,NA,NA,NA,NA,NA,NA,NA,NA,NA,NA,NA,NA,NA,NA,NA,NA,NA,89172,2070,10031,955,20063,81576,18152,0,16719,4459,0,0,0,1115,4936,477,17356,85015,23965,69538,36942,25096,171273,50477,47389,93248,16831,24443,129729,25717,44204,65287,20080,12898,4649,27675,3822,11624,224522,NA,NA,NA,NA,NA,NA,NA,NA,NA,NA,NA,NA,NA,NA,NA,NA,NA,NA,NA,NA,NA,NA
144,NA,NA,NA,NA,NA,NA,NA,NA,NA,NA,NA,NA,NA,NA,NA,NA,NA,NA,NA,NA,NA,NA,NA,NA,NA,36465,796,2469,955,7961,9108,1592,0,2389,0,6369,796,0,318,3981,0,22930,39649,85462,47930,49364,27867,80573,24523,48408,94682,25828,23981,107007,16432,11560,43632,34857,28169,4141,28344,1273,3981,78822,NA,NA,NA,NA,NA,NA,NA,NA,NA,NA,NA,NA,NA,NA,NA,NA,NA,NA,NA,NA,NA,NA
145,NA,NA,NA,NA,NA,NA,NA,NA,NA,NA,NA,NA,NA,NA,NA,NA,NA,NA,NA,NA,NA,NA,NA,NA,NA,4459,3503,4220,1194,4459,10637,956,159,23885,700,0,3822,478,1226,3456,191,2866,8567,19426,41354,22611,58599,160795,45859,40876,30175,8121,19841,132420,23615,52085,25636,13439,40923,6529,43598,4315,15606,14331,NA,NA,NA,NA,NA,NA,NA,NA,NA,NA,NA,NA,NA,NA,NA,NA,NA,NA,NA,NA,NA,NA
146,NA,NA,NA,NA,NA,NA,NA,NA,NA,NA,NA,NA,NA,NA,NA,NA,NA,NA,NA,NA,NA,NA,NA,NA,NA,14809,2388,7802,2611,18312,4841,796,2898,2866,955,0,0,318,0,6369,159,6051,56752,50700,80096,64268,40080,240892,96880,62755,63264,17039,30287,174554,21003,65127,21528,28264,39092,11433,57691,8201,38439,11146,NA,NA,NA,NA,NA,NA,NA,NA,NA,NA,NA,NA,NA,NA,NA,NA,NA,NA,NA,NA,NA,NA
147,NA,NA,NA,NA,NA,NA,NA,NA,NA,NA,NA,NA,NA,NA,NA,NA,NA,NA,NA,NA,NA,NA,NA,NA,NA,64012,2229,2150,780,3025,11943,637,0,16752,669,0,0,0,318,2516,445,4777,56082,88184,128820,47771,25955,326688,139172,76831,90048,10828,32994,244506,20382,70381,15207,16305,32931,6369,51257,5255,6513,42994,NA,NA,NA,NA,NA,NA,NA,NA,NA,NA,NA,NA,NA,NA,NA,NA,NA,NA,NA,NA,NA,NA
148,NA,NA,NA,NA,NA,NA,NA,NA,NA,NA,NA,NA,NA,NA,NA,NA,NA,NA,NA,NA,NA,NA,NA,NA,NA,10191,7882,9315,1162,27866,318,2070,637,62102,382,0,0,159,955,6688,478,0,81576,46657,149474,47213,49649,276179,109030,97899,107294,23232,43233,295606,20780,167499,22118,25859,53790,5366,153424,7182,14649,28662,NA,NA,NA,NA,NA,NA,NA,NA,NA,NA,NA,NA,NA,NA,NA,NA,NA,NA,NA,NA,NA,NA
149,NA,NA,NA,NA,NA,NA,NA,NA,NA,NA,NA,NA,NA,NA,NA,NA,NA,NA,NA,NA,NA,NA,NA,NA,NA,34713,2596,3853,701,8917,33439,2150,0,4777,382,0,0,923,191,3886,557,0,37054,43344,60127,34919,40637,171307,97134,80398,48440,7596,30940,146799,24840,85031,21226,15653,25207,1035,94873,5987,36099,71656,NA,NA,NA,NA,NA,NA,NA,NA,NA,NA,NA,NA,NA,NA,NA,NA,NA,NA,NA,NA,NA,NA
150,NA,NA,NA,NA,NA,NA,NA,NA,NA,NA,NA,NA,NA,NA,NA,NA,NA,NA,NA,NA,NA,NA,NA,NA,NA,20446,3073,1369,781,9395,318,1115,64,0,1513,1115,159,318,526,4777,0,0,28153,110414,72834,74044,58424,142770,93567,86464,50208,7961,29395,114267,14555,62086,10287,14745,38693,5765,57563,24442,24490,35828,NA,NA,NA,NA,NA,NA,NA,NA,NA,NA,NA,NA,NA,NA,NA,NA,NA,NA,NA,NA,NA,NA
151,NA,NA,NA,NA,NA,NA,NA,NA,NA,NA,NA,NA,NA,NA,NA,NA,NA,NA,NA,NA,NA,NA,NA,NA,NA,21370,4459,3280,1671,3662,31051,3822,0,2389,812,0,1592,668,1592,3344,159,0,62627,43265,110350,25797,40541,225986,33615,126402,42452,8025,24378,125510,14665,148823,31465,28487,32070,5445,80700,8997,16178,246019,NA,NA,NA,NA,NA,NA,NA,NA,NA,NA,NA,NA,NA,NA,NA,NA,NA,NA,NA,NA,NA,NA
152,NA,NA,NA,NA,NA,NA,NA,NA,NA,NA,NA,NA,NA,NA,NA,NA,NA,NA,NA,NA,NA,NA,NA,NA,NA,14889,4267,3487,1162,10828,35828,7038,0,16,1115,32,1274,637,1147,2389,0,669,61847,28662,115860,33615,23535,255001,180286,92835,49872,14171,36767,147087,15143,110669,31385,21339,24602,3439,62755,5303,6385,50159,NA,NA,NA,NA,NA,NA,NA,NA,NA,NA,NA,NA,NA,NA,NA,NA,NA,NA,NA,NA,NA,NA
153,NA,NA,NA,NA,NA,NA,NA,NA,NA,NA,NA,NA,NA,NA,NA,NA,NA,NA,NA,NA,NA,NA,NA,NA,NA,47038,3025,1751,780,14331,143344,3344,2197,9618,1672,1274,637,159,0,6067,318,15175,99650,37548,162580,49681,40334,382596,99666,92676,140303,14506,35621,247086,19554,168153,29553,26211,39649,5461,63376,1592,10987,95541,NA,NA,NA,NA,NA,NA,NA,NA,NA,NA,NA,NA,NA,NA,NA,NA,NA,NA,NA,NA,NA,NA
154,NA,NA,NA,NA,NA,NA,NA,NA,NA,NA,NA,NA,NA,NA,NA,NA,NA,NA,NA,NA,NA,NA,NA,NA,NA,26178,4299,4140,477,10987,64490,4936,318,24746,429,48,318,318,732,3981,318,2548,90941,50971,191290,44649,27358,350335,144491,100716,85987,14746,39011,172277,18773,69427,26752,43168,63614,5669,55477,7579,5414,121815,NA,NA,NA,NA,NA,NA,NA,NA,NA,NA,NA,NA,NA,NA,NA,NA,NA,NA,NA,NA,NA,NA
155,NA,NA,NA,NA,NA,NA,NA,NA,NA,NA,NA,NA,NA,NA,NA,NA,NA,NA,NA,NA,NA,NA,NA,NA,NA,955,3184,2739,717,3503,20828,1592,32,2421,1051,717,955,159,334,3201,0,10589,60079,46433,77372,33295,39681,316911,82882,88694,129316,19666,32294,186943,26258,160016,30079,29602,45477,5000,62038,1449,5892,105096,NA,NA,NA,NA,NA,NA,NA,NA,NA,NA,NA,NA,NA,NA,NA,NA,NA,NA,NA,NA,NA,NA
156,NA,NA,NA,NA,NA,NA,NA,NA,NA,NA,NA,NA,NA,NA,NA,NA,NA,NA,NA,NA,NA,NA,NA,NA,NA,5414,3026,7962,812,3503,28678,0,334,9554,1560,955,0,637,478,4793,0,4459,96656,32643,48216,34156,32244,370366,75477,52277,104602,17245,32389,216816,29857,126703,25795,37134,52053,3344,42421,2834,11337,192675,NA,NA,NA,NA,NA,NA,NA,NA,NA,NA,NA,NA,NA,NA,NA,NA,NA,NA,NA,NA,NA,NA
157,NA,NA,NA,NA,NA,NA,NA,NA,NA,NA,NA,NA,NA,NA,NA,NA,NA,NA,NA,NA,NA,NA,NA,NA,NA,35828,3503,2102,636,4825,59713,1752,0,0,828,159,0,318,812,1672,0,46975,83997,26911,102022,39713,26751,255558,81847,101225,48073,20733,24141,181608,21353,136482,10828,27388,53360,7007,60988,6130,4060,124204,NA,NA,NA,NA,NA,NA,NA,NA,NA,NA,NA,NA,NA,NA,NA,NA,NA,NA,NA,NA,NA,NA
158,NA,NA,NA,NA,NA,NA,NA,NA,NA,NA,NA,NA,NA,NA,NA,NA,NA,NA,NA,NA,NA,NA,NA,NA,NA,198487,1751,4618,684,2468,201035,1433,96,4809,2102,0,0,636,159,3981,478,15685,31687,59490,76704,34315,27770,100796,34236,62835,52978,16305,45111,170064,16561,61799,15350,14172,15603,5525,53391,15684,5174,203025,318,159,159,NA,NA,NA,NA,NA,NA,NA,NA,NA,NA,NA,NA,NA,NA,NA,NA,NA,NA,NA
159,NA,NA,NA,NA,NA,NA,NA,NA,NA,NA,NA,NA,NA,NA,NA,NA,NA,NA,NA,NA,NA,NA,NA,NA,NA,141385,6529,478,159,159,78822,159,96,4841,1911,3217,0,0,366,3981,0,0,40765,79378,61306,42356,43902,250780,60190,90351,53869,31496,38997,198997,19156,112134,28726,24458,28503,5000,57882,8916,5096,100318,159,0,0,159,NA,NA,NA,NA,NA,NA,NA,NA,NA,NA,NA,NA,NA,NA,NA,NA,NA,NA
160,NA,NA,NA,NA,NA,NA,NA,NA,NA,NA,NA,NA,NA,NA,NA,NA,NA,NA,NA,NA,NA,NA,NA,NA,NA,106688,10669,10701,239,1497,116465,1274,2389,11624,64,0,0,0,0,3185,0,15924,63997,68630,168598,34538,27022,289219,97547,101401,108041,12691,43630,241640,22389,156306,33249,40254,36815,2070,56576,637,4617,230892,0,0,14156,1433,3344,NA,NA,NA,NA,NA,NA,NA,NA,NA,NA,NA,NA,NA,NA,NA,NA,NA
161,NA,NA,NA,NA,NA,NA,NA,NA,NA,NA,NA,NA,NA,NA,NA,NA,NA,NA,NA,NA,NA,NA,NA,NA,NA,52707,5000,7166,96,637,67197,1273,637,318,955,0,0,318,955,2389,0,637,51114,63758,141481,30939,37500,213854,69809,80429,57309,20508,38232,153518,11560,111019,21497,22993,27165,7993,31066,955,7484,25478,2389,2866,4617,1273,2389,NA,NA,NA,NA,NA,NA,NA,NA,NA,NA,NA,NA,NA,NA,NA,NA,NA
162,NA,NA,NA,NA,NA,NA,NA,NA,NA,NA,NA,NA,NA,NA,NA,NA,NA,NA,NA,NA,NA,NA,NA,NA,NA,39969,1274,2453,1592,1592,105096,318,828,4777,318,159,318,955,318,2389,0,10828,46274,51593,134284,59554,47436,303869,72738,71672,73917,9777,29077,181720,13695,105749,29156,32292,30350,2150,42676,9872,5446,292994,14012,478,4522,12898,2707,12898,1592,8280,1449,NA,NA,NA,NA,NA,NA,NA,NA,NA,NA,NA,NA,NA
163,NA,NA,NA,NA,NA,NA,NA,NA,NA,NA,NA,NA,NA,NA,NA,NA,NA,NA,NA,NA,NA,NA,NA,NA,NA,94586,2102,3343,494,5972,87739,159,318,2389,0,159,3185,191,955,4777,478,13535,42898,42198,77229,31401,49745,247038,77707,66480,32739,9108,28343,177006,14347,62261,15939,26434,21879,796,43934,4459,8216,151274,11210,159,2929,8918,1115,8838,4299,318,5319,28662,NA,NA,NA,NA,NA,NA,NA,NA,NA,NA,NA,NA
164,NA,NA,NA,NA,NA,NA,NA,NA,NA,NA,NA,NA,NA,NA,NA,NA,NA,NA,NA,NA,NA,NA,NA,NA,NA,36815,3662,477,828,2229,52548,0,0,0,32,796,1433,64,159,3981,0,0,74077,65924,80891,37054,21401,277740,94268,91560,73328,9634,30891,155923,21098,116895,8089,21593,37580,2500,55876,318,6687,78025,637,2707,11306,16163,1433,1497,477,3503,0,55732,NA,NA,NA,NA,NA,NA,NA,NA,NA,NA,NA,NA
165,NA,NA,NA,NA,NA,NA,NA,NA,NA,NA,NA,NA,NA,NA,NA,NA,NA,NA,NA,NA,NA,NA,NA,NA,NA,124745,637,3344,971,1481,160096,0,478,7166,159,0,478,318,159,3981,0,3662,62978,54905,68551,39761,19586,154076,77977,91481,48503,16003,39363,149776,14808,63836,16146,16082,37244,9490,30016,2547,14649,117038,27356,796,10367,32897,11306,2261,1433,3025,1879,71656,NA,NA,NA,NA,NA,NA,NA,NA,NA,NA,NA,NA
166,NA,NA,NA,NA,NA,NA,NA,NA,NA,NA,NA,NA,NA,NA,NA,NA,NA,NA,NA,NA,NA,NA,NA,NA,NA,20064,1592,8726,1194,3344,23089,955,207,4777,159,955,955,955,1274,3981,0,0,61416,31163,93583,30924,32245,313789,75637,72914,76655,18121,30542,221386,16814,107946,19904,24044,23790,5366,36513,3249,26592,38217,115334,1289,29857,6115,6433,4538,636,17245,10924,1592,2962,9554,22611,12738,3041,1115,NA,NA,NA,NA,NA,NA
167,NA,NA,NA,NA,NA,NA,NA,NA,NA,NA,NA,NA,NA,NA,NA,NA,NA,NA,NA,NA,NA,NA,NA,NA,NA,85239,1592,6051,477,4124,89172,0,0,21497,159,2548,NA,637,366,2421,0,0,55302,42452,101433,25924,23328,210780,90382,93965,41879,20956,36130,104825,17038,102993,12197,17739,30191,3184,37611,2500,23726,7166,11417,0,23407,2166,2548,19013,1433,3980,3837,27070,3137,11306,9666,26911,2389,6131,NA,NA,NA,NA,NA,NA
168,NA,NA,NA,NA,NA,NA,NA,NA,NA,NA,NA,NA,NA,NA,NA,NA,NA,NA,NA,NA,NA,NA,NA,NA,NA,39665,2070,4204,0,1911,117914,478,175,4777,175,0,NA,510,0,3981,0,637,66179,27102,52802,28694,41019,232644,56529,85988,54124,10924,37134,116799,15940,78487,11720,24379,23375,1752,22468,3344,6210,150478,25383,318,21083,2389,34921,11385,6560,4394,10637,128981,1895,10477,8503,17850,11226,5016,NA,NA,NA,NA,NA,NA
169,NA,NA,NA,NA,NA,NA,NA,NA,NA,NA,NA,NA,NA,NA,NA,NA,NA,NA,NA,NA,NA,NA,NA,NA,NA,11146,1115,4729,478,1768,310510,796,478,31051,318,0,NA,159,159,5573,0,0,79235,35908,76959,32166,50796,291401,66115,81131,63870,8980,32612,169172,14857,95765,29586,23933,28058,5764,31975,3599,5350,122611,18805,0,23996,0,8440,17245,3487,9713,5478,146497,1497,13455,25144,20828,3742,4777,NA,NA,NA,NA,NA,NA
170,NA,NA,NA,NA,NA,NA,NA,NA,NA,NA,NA,NA,NA,NA,NA,NA,NA,NA,NA,NA,NA,NA,NA,NA,NA,1735,2229,5095,0,2166,191083,637,796,7166,478,16,NA,509,764,4777,159,0,53933,36370,98631,41194,45779,249697,55828,96433,62532,7134,48838,197103,12723,85796,17022,28185,28726,8519,68934,4490,21051,118631,24809,701,42835,4761,9746,10732,2181,6672,3917,30255,14013,19235,74808,40700,8965,398,NA,NA,NA,NA,NA,NA
171,NA,NA,NA,NA,NA,NA,NA,NA,NA,NA,NA,NA,NA,NA,NA,NA,NA,NA,NA,NA,NA,NA,NA,NA,NA,16242,4618,2070,64,350,21497,0,159,7787,318,0,NA,0,1433,3981,3662,14809,50541,42563,36131,14681,17372,167691,58152,78359,31560,8949,50876,118216,12437,66051,18217,32770,14235,1671,26784,2547,19028,110669,8344,3822,48264,15127,15940,20605,6434,12595,8598,55732,36544,8440,37229,35764,25127,0,159,NA,NA,NA,NA,NA
172,NA,NA,NA,NA,NA,NA,NA,NA,NA,NA,NA,NA,NA,NA,NA,NA,NA,NA,NA,NA,NA,NA,NA,NA,NA,34713,1592,2356,876,717,215764,1592,828,478,0,32,NA,48,318,1592,796,16,55048,42865,67006,34395,56577,237054,53009,75319,55589,12723,37499,141226,9920,130190,19299,10493,23917,4681,50160,477,3026,134554,54267,6036,56162,29395,15271,11004,9060,12086,15636,89172,12356,8328,49712,48440,15446,876,477,NA,NA,NA,NA,NA
173,NA,NA,NA,NA,NA,NA,NA,NA,NA,NA,NA,NA,NA,NA,NA,NA,NA,NA,NA,NA,NA,NA,NA,NA,NA,16179,955,2771,318,2723,36863,5573,0,9872,0,NA,NA,0,318,5573,0,16,40844,21083,40064,19633,48201,286050,55748,26910,51465,6926,22580,89460,15604,92866,9698,15685,22355,4443,39585,1067,23233,64490,37420,5510,56592,51799,26671,8376,5446,21671,10940,85987,13599,9029,19553,58997,24474,1911,0,NA,NA,NA,NA,NA
174,NA,NA,NA,NA,NA,NA,NA,NA,NA,NA,NA,NA,NA,NA,NA,NA,NA,NA,NA,NA,NA,NA,NA,NA,NA,3981,796,3233,239,2548,21497,0,318,15939,159,NA,NA,0,159,1592,2389,0,57707,26910,66242,25000,41082,181306,39012,54140,32484,6273,33041,121991,16673,69092,6115,16274,22308,6895,21114,1752,12595,16720,48615,5748,50256,6274,29522,24507,7707,21003,7643,76433,15096,13233,29778,74187,16194,2229,1433,478,6051,2229,NA,NA
175,NA,NA,NA,NA,NA,NA,NA,NA,NA,NA,NA,NA,NA,NA,NA,NA,NA,NA,NA,NA,NA,NA,NA,NA,NA,45223,796,2388,96,478,75701,0,159,1274,159,NA,NA,0,0,4777,1274,0,35414,46975,31528,22292,9474,175000,73009,123009,40350,4458,27627,85827,10827,51369,15175,11624,11799,2150,31402,1274,5733,109873,13503,4124,39969,56545,14634,28599,13360,24125,11623,76433,9554,16401,46050,48567,22739,1433,637,28471,20206,10780,NA,NA
176,NA,NA,NA,NA,NA,NA,NA,NA,NA,NA,NA,NA,NA,NA,NA,NA,NA,NA,NA,NA,NA,NA,NA,NA,NA,123885,3201,3583,0,478,122611,2389,0,955,318,NA,NA,0,0,4777,0,32,34330,22644,37691,29299,20892,113263,31306,67085,43647,5334,25398,84076,13741,52994,16959,13137,12643,1274,13375,239,11464,83599,13440,5732,39204,39729,13694,22771,4299,21911,14490,76433,18312,22388,53200,48550,15621,0,4777,34363,15255,23280,NA,NA
177,NA,NA,NA,NA,NA,NA,NA,NA,NA,NA,NA,NA,NA,NA,NA,NA,NA,NA,NA,NA,NA,NA,NA,NA,NA,165446,2245,1195,955,318,205255,318,64,159,NA,NA,NA,0,0,1592,1115,0,48948,25924,45080,30414,20143,135813,45382,46592,47739,11194,42133,109013,13169,87500,5398,16704,19491,3025,14474,1226,22770,305732,15318,14714,107022,84283,18916,21258,15047,5716,4618,42994,8376,8821,78297,72244,14649,23010,4379,94506,31210,34236,NA,NA
178,NA,NA,NA,NA,NA,NA,NA,NA,NA,NA,NA,NA,NA,NA,NA,NA,NA,NA,NA,NA,NA,NA,NA,NA,NA,7643,1592,1592,669,0,119427,159,0,0,NA,NA,NA,0,0,796,NA,0,36226,20144,52070,11226,24394,113884,18170,38694,19013,8025,14346,113645,6958,85669,3694,11943,13503,557,33041,1433,5096,365605,56450,8567,50080,106656,20542,11672,11147,31052,5971,31847,8759,24268,38312,80923,26115,2070,7086,49045,41863,25303,NA,NA
179,NA,NA,NA,NA,NA,NA,NA,NA,NA,NA,NA,NA,NA,NA,NA,NA,NA,NA,NA,NA,NA,NA,NA,NA,NA,86146,32,2389,0,923,284236,159,0,2867,NA,NA,NA,0,0,5573,NA,0,31019,24203,55860,30096,18360,142262,33759,62850,27707,3901,18566,83646,11703,63837,8997,12420,17802,1672,51433,796,955,258758,86241,6895,49857,80828,47437,13487,11576,12389,8343,144904,16545,41321,138407,72341,29490,159,1433,68520,53821,27851,4999,2453
180,NA,NA,NA,NA,NA,NA,NA,NA,NA,NA,NA,NA,NA,NA,NA,NA,NA,NA,NA,NA,NA,NA,NA,NA,NA,58917,0,2628,16,0,145063,NA,0,0,NA,NA,NA,0,0,3185,NA,32,60239,30875,71114,24204,15764,293408,99856,67866,22626,4156,24967,116545,13280,96592,10223,18710,16338,1178,26082,971,955,143312,53774,20302,72229,125287,33630,6480,3455,17898,7643,226911,14490,57707,148726,63280,31289,3821,2387,110096,78200,21050,7467,7261
181,NA,NA,NA,NA,NA,NA,NA,NA,NA,NA,NA,NA,NA,NA,NA,NA,NA,NA,NA,NA,NA,NA,NA,NA,NA,48726,0,1592,0,48,0,NA,318,0,NA,NA,NA,0,0,3185,NA,NA,24840,12436,57054,20223,8296,132978,48853,56386,63917,1672,20430,68869,12897,52389,6576,16099,18296,796,13853,2468,159,47771,35255,9602,78042,129554,28710,11753,8201,43121,6163,55732,13088,12628,122483,96210,32978,159,3185,83566,57899,21480,12245,3662
182,NA,NA,NA,NA,NA,NA,NA,NA,NA,NA,NA,NA,NA,NA,NA,NA,NA,NA,NA,NA,NA,NA,NA,NA,NA,143949,0,1720,0,318,138535,NA,159,0,NA,NA,NA,159,0,1592,NA,NA,36529,19937,41927,11720,54300,138423,39219,27150,26385,3662,20048,70063,10366,90940,16385,13710,20016,3981,19235,4458,796,160032,68407,11895,78375,143009,61895,17866,14666,19681,25732,167675,36943,17803,47037,51306,32086,637,4459,68328,91210,46385,11003,7913
183,NA,NA,NA,NA,NA,NA,NA,NA,NA,NA,NA,NA,NA,NA,NA,NA,NA,NA,NA,NA,NA,NA,NA,NA,NA,11752,16,7006,0,159,129777,NA,318,7166,NA,NA,NA,NA,318,3185,NA,NA,41052,18933,68853,1592,51162,151225,22851,39682,45653,7006,26863,62373,5413,53520,30016,12738,14267,1768,4555,159,14904,9554,138534,16752,69156,151401,51466,14171,8296,20971,4570,11943,3344,14649,48742,46179,29858,2707,636,61322,39697,30095,8471,13153
184,NA,NA,NA,NA,NA,NA,NA,NA,NA,NA,NA,NA,NA,NA,NA,NA,NA,NA,NA,NA,NA,NA,NA,NA,NA,108121,0,334,0,0,155255,NA,0,0,NA,NA,NA,NA,NA,7803,NA,NA,15845,42325,63217,9203,23646,96514,7691,38631,10175,4903,19442,48456,5478,47276,13535,16592,6847,3423,5636,2134,29236,136943,25462,17579,58105,161370,27660,25255,8758,55573,11067,234076,31402,22484,23376,74777,11656,2468,3502,36672,46289,34777,7228,9650
185,NA,NA,NA,NA,NA,NA,NA,NA,NA,NA,NA,NA,NA,NA,NA,NA,NA,NA,NA,NA,NA,NA,NA,NA,NA,138217,16,908,1035,318,52548,NA,955,2389,NA,NA,NA,NA,NA,2548,NA,NA,20509,70381,25718,11624,9205,120048,28295,32500,23821,3216,21321,56003,8360,56480,13710,11417,7963,3694,11464,64,17484,65287,38057,22277,69921,233471,24411,16768,10399,34140,14618,127389,25955,32197,128519,55732,27659,1672,2707,69937,73074,40303,10875,13359
186,NA,NA,NA,NA,NA,NA,NA,NA,NA,NA,NA,NA,NA,NA,NA,NA,NA,NA,NA,NA,NA,NA,NA,NA,NA,121497,32,1545,NA,0,177771,NA,0,0,NA,NA,NA,NA,NA,1592,NA,NA,23105,34332,29618,7962,30000,85748,12404,39124,10811,5206,30351,47101,9076,42517,7675,21227,14045,637,16401,2070,2229,78025,53806,17850,83710,228248,45318,40510,11226,34825,17340,146497,8264,17898,121544,89857,19124,12101,1592,92071,75350,43392,13280,13885
187,NA,NA,NA,NA,NA,NA,NA,NA,NA,NA,NA,NA,NA,NA,NA,NA,NA,NA,NA,NA,NA,NA,NA,NA,NA,113535,NA,NA,NA,159,230892,NA,318,7166,NA,NA,NA,NA,NA,1592,NA,NA,31560,109236,42197,10190,6799,84570,33361,22930,7707,1401,21497,43472,6130,67197,4252,7992,12739,1115,2230,NA,159,179140,95573,14888,94985,188694,50063,33026,16083,59093,17770,157643,32198,35128,140891,74045,39808,9251,637,120859,90365,34570,9633,14140
